Review,True Label,VADER,TextBlob,LogReg,SVM,LogReg_Score,SVM_Score,VADER_Score,TextBlob_Score,Real_Rating,Combined_LogReg,Combined_SVM,Combined_VADER,Combined_TextBlob
shirt fit fine out of packaging washed according to instructions shirt shrunk and could not be buttoned,Negative,Positive,Positive,Positive,Positive,5,5,5,5,1,2.2,2.2,2.2,2.2
i love it only problem is the fringe comes off pretty easily but if you are only going to wear it a few times its great,Negative,Positive,Positive,Positive,Positive,5,5,5,5,5,5.0,5.0,5.0,5.0
i bought these shirts for my boyfriend who had purchased them for himself at another store a few years ago and liked them a lot  these shirts are light yet durable and the fabric is super soft  he loves them  the only difference between these and the old ones he has is that the fabric is a bit thinner now but it isnt bad quality just different  the comfort is what matters most in my opinion  they also have a pleasantly flattering fit,Positive,Positive,Positive,Positive,Positive,5,5,5,5,5,5.0,5.0,5.0,5.0
in the world of wide brimmed hats this is a breath of high quality and reasonable pricing,Positive,Neutral,Positive,Positive,Positive,5,5,3,5,5,5.0,5.0,4.4,5.0
arrived quickly  looks as expected,Positive,Neutral,Positive,Positive,Positive,5,5,3,5,5,5.0,5.0,4.4,5.0
i was a little skeptical at first purchasing formal wear online without being able to try it on or touch it  i can say that my skepticism went right out the window as soon as i received this shirt high quality fabric the fit is perfect the neckline was my main concern but it fits as though it was tailored just for me  i have already told a few friends about it  really love this shirt and the price isnt bad either,Positive,Positive,Positive,Positive,Positive,5,5,5,5,5,5.0,5.0,5.0,5.0
wonderful bathrobe  very soft and warm  it kept me warm during this past horrible snowy winter holds up well through numerous washes,Positive,Positive,Positive,Positive,Positive,5,5,5,5,5,5.0,5.0,5.0,5.0
it is a black shirt but it is more of an xl than m,Positive,Neutral,Positive,Positive,Positive,5,5,3,5,1,2.2,2.2,1.6,2.2
these fit well seem to be made of good quality and thickness fabric and are sewn with high enough quality that i could wear them by themselves and not just as an undershirt,Negative,Positive,Positive,Positive,Positive,5,5,5,5,5,5.0,5.0,5.0,5.0
the hat was shipped quickly and is just as it was described good quality and nice looking im looking forward to wearing it on a safari in africa this summer,Positive,Positive,Positive,Positive,Positive,5,5,5,5,5,5.0,5.0,5.0,5.0
the handkerchiefs are of excellent quality i would not hesitate to buy more of them,Positive,Positive,Positive,Positive,Positive,5,5,5,5,5,5.0,5.0,5.0,5.0
this is a cute astronaut helmet for my five old daughter and if she is not wearing it her stuffed animals are,Negative,Positive,Positive,Positive,Positive,5,5,5,5,5,5.0,5.0,5.0,5.0
awesome costume  i was a little large but i made it work  wore it for america day in mexico  it was a hit,Neutral,Positive,Positive,Negative,Negative,1,1,5,5,5,3.8,3.8,5.0,5.0
i needed a longer chain for one of my charms so i ordered this necklace the picture does not do it justice its a beautiful chain that looks like a diamond cut very classy  i was very impressed and at this price it is the perfect gift item for just about anyone  i received the necklace within a couple of days and strongly recommend,Positive,Positive,Positive,Positive,Positive,5,5,5,5,5,5.0,5.0,5.0,5.0
i bought these in green and black stripe tights for my ugly sweater christmas party with friends  many compliments ,Positive,Positive,Negative,Negative,Positive,1,5,5,1,5,3.8,5.0,5.0,3.8
very good,Positive,Positive,Positive,Positive,Positive,5,5,5,5,5,5.0,5.0,5.0,5.0
like the stiffer brim holds the shape of the hat better  hat would fit better if my head was a little rounder  somewhat tight at my forehead and in the back while loose on the sides  i am guessing this will just require a bit of a breakin period,Positive,Positive,Positive,Positive,Positive,5,5,5,5,5,5.0,5.0,5.0,5.0
quick delivery im a large in everything saw the other reviews and i decided to get a medium it fell right off of me  the breast area was huge did not fit at all but the costume looked really nice  good material,Negative,Positive,Positive,Negative,Negative,1,1,5,5,1,1.0,1.0,2.2,2.2
great deal for the money i like things shorter so i put a black belt under the fringe and it looked great i am 54 and weigh 135 it fit very flatteringly,Positive,Positive,Positive,Positive,Positive,5,5,5,5,5,5.0,5.0,5.0,5.0
my son loves the helmet it complete is costume,Neutral,Positive,Positive,Neutral,Neutral,3,3,5,5,5,4.4,4.4,5.0,5.0
great for the price and it was flattering comfortable to wear its not the best quality but its good for the a costume,Positive,Positive,Positive,Positive,Positive,5,5,5,5,5,5.0,5.0,5.0,5.0
for the price this is a very cute costume,Neutral,Positive,Positive,Positive,Positive,5,5,5,5,5,5.0,5.0,5.0,5.0
very nice trim look,Positive,Positive,Positive,Positive,Positive,5,5,5,5,5,5.0,5.0,5.0,5.0
i looked amazing in my costume for my dance concert it held up perfectly,Positive,Positive,Positive,Positive,Positive,5,5,5,5,5,5.0,5.0,5.0,5.0
these fit well and the colors look nice although the newness of the material wears off pretty fast which is disappointing from ck nevertheless its fine to wear as an undershirt or at home,Positive,Positive,Positive,Positive,Positive,5,5,5,5,5,5.0,5.0,5.0,5.0
the helmet was really neat but lacking in quality a bit the sounds only worked for about 2 months and the visor fell off the first time it was dropped we could put the visor back on but it was very loose and kept falling off from running with it on,Positive,Negative,Positive,Positive,Positive,5,5,1,5,3,3.5999999999999996,3.5999999999999996,2.3999999999999995,3.5999999999999996
well i ordered a three and my child didnt get to fit them well until she got into a 5 or 6 the tie doesnt stay kept for long my child easily comes out them i love the texture and the authentic look but i dont like how the tongue easily comes out of the tie which makes it hard for my baby to keep them on and walk,Positive,Positive,Positive,Positive,Positive,5,5,5,5,3,3.5999999999999996,3.5999999999999996,3.5999999999999996,3.5999999999999996
i ordered two of the 18 silver box chains  first they arrived in record time i ordered from gem avenue and each were packaged securely and boxed separately the chains are exactly what i was hoping to receive  they are sturdy without looking cheap and actuallly look very expensive  they hang nicely and the clasp looks well made  i have two silver pendants that i like to wear often so it was important to get a chain for each that would withstand daily wear  additionally i have long hair which can sometimes be problematic when wearing chains  my hair can get caught in a clump near the clasp or i can inadvertantly break the chain when brushing my hair  i chose the box type chain and this type of clasp for these reasons as its the strongest chain available while still looking dainty  im very pleased with both the quality and the price  i tried to get the same kind of chain at our local department store and it was twice as much  you wont be disappointed,Positive,Positive,Positive,Positive,Positive,5,5,5,5,5,5.0,5.0,5.0,5.0
just got this bag  and a week now and it is everything i had hoped for  very roomy and replaced a backpack i had wanted an over the shoulder bag but did not want to sacrifice a lot of room and this bag is perfect  it is my work bag for lunch computer books ipods nice carryall,Positive,Positive,Positive,Positive,Positive,5,5,5,5,5,5.0,5.0,5.0,5.0
product is well made and looks good  unfortunately not quite what i was looking for,Positive,Positive,Positive,Positive,Positive,5,5,5,5,5,5.0,5.0,5.0,5.0
i bought this set as a replacement for when i sent my rings off for cleaning or sizing it looks very similar to the set i have however up close you can definitely tell that its not real good price and decent quality for a replacement set if you are going on vacation or something and dont want to ruin your real set,Positive,Positive,Positive,Positive,Positive,5,5,5,5,5,5.0,5.0,5.0,5.0
the chain is beautiful and very shiny  it goes perfectly with the cross pendant i purchased for him for valentines day it doesnt pull on his hair it is the perfect length and is stands out nicely with his work clothes  i would reccommend this product to anyone,Positive,Positive,Positive,Positive,Positive,5,5,5,5,5,5.0,5.0,5.0,5.0
great value buy it,Positive,Positive,Positive,Positive,Positive,5,5,5,5,5,5.0,5.0,5.0,5.0
these chains are lovely and an excellent value  i bought them to replace the base metal chain that come with a religious medal  it is a nice strong chain  thanks,Positive,Positive,Positive,Positive,Positive,5,5,5,5,5,5.0,5.0,5.0,5.0
i absolutely loved the dress got so many wonderful compliments will definitely order from this company again,Positive,Positive,Positive,Positive,Positive,5,5,5,5,5,5.0,5.0,5.0,5.0
best hat around made in usa cool with venting nice wide brim ask your dermatologist very comfortable made in usa,Positive,Positive,Positive,Positive,Positive,5,5,5,5,5,5.0,5.0,5.0,5.0
the xl is cut for a fat person,Positive,Negative,Neutral,Positive,Positive,5,5,1,3,3,3.5999999999999996,3.5999999999999996,2.3999999999999995,3.0
shirt fits well and ill probably buy at least one more  its also has very comfortable collar compared to my previous tux dress shirt of the same size,Positive,Positive,Positive,Positive,Positive,5,5,5,5,5,5.0,5.0,5.0,5.0
i had been looking for a replacement for a cigarette case id had for over 25 years and lost after reviewing several i settled on this one it was very well made the leather was soft not stiff or cheap looking i loved the little front pocket that kept my lighter handy and easy to keep up with there is even a small zippered pocket for change or whatever else i was very pleased with it unfortunately i had not read the description well enough and i discovered this case does not fit the 100s it was such a nice case that i gave it to my daughter rather than return it she has been more than pleased with it im hoping the new one i have ordered is as nice,Positive,Positive,Positive,Positive,Positive,5,5,5,5,5,5.0,5.0,5.0,5.0
"i bought this for my brother to wear as an undershirt for when he has to wear dress shirts or dressy sweaters and he loves them  his favorite part about these shirts is that you can barely feel the material in comparison to all of his cotton shirts  so theyre definitely lightthin material  he would never wear them as a regular shirt unless its in a casual setting eg to bed

regardless they work great for wearing under buttoned dress shirts or dressy sweaters and ill definitely be buying the white ones for him soon enough

oh as for the fit i obviously cant personally comment on it but for him the xl worked great  hes all around a huge guy height weight and his shoulders and while he normally wears xls sometimes they fit too tight on him due to his shoulders and neck  this xl fit perfectly with a little room to spare so if youre a bigger person with regards to your height and shoulders get your normal size otherwise definitely size down",Positive,Positive,Positive,Positive,Positive,5,5,5,5,5,5.0,5.0,5.0,5.0
make sure to get one size up on this one  otherwise great dress the quality is excellent for the price,Positive,Positive,Positive,Negative,Negative,1,1,5,5,5,3.8,3.8,5.0,5.0
excellent product and service,Positive,Positive,Positive,Positive,Positive,5,5,5,5,5,5.0,5.0,5.0,5.0
comfortable and great looking too  got it for dancing cant wait to try it out,Positive,Positive,Positive,Positive,Positive,5,5,5,5,5,5.0,5.0,5.0,5.0
i just got my set and i love them they are the perfect size the gem is just the right size not to big completely believable its better than i expected it came in the cutest little gift box i will deffinately order from this company again,Positive,Positive,Positive,Positive,Positive,5,5,5,5,5,5.0,5.0,5.0,5.0
just what we anticipated getting,Positive,Neutral,Neutral,Positive,Positive,5,5,3,3,5,5.0,5.0,4.4,4.4
the chain is beautiful and looks strong  i bought it as a gift for a girlfriend to go with a pendant i purchased  i think she will love it,Positive,Positive,Positive,Positive,Positive,5,5,5,5,5,5.0,5.0,5.0,5.0
i have been wearing these for years because i like a light weight t shirt if you are looking for a heavy t this one is not for you,Positive,Positive,Positive,Positive,Positive,5,5,5,5,5,5.0,5.0,5.0,5.0
i normally wear a size 6 or 8 and ordered the large based on others reviews glad i didthere is no room to spare but it is cute and will work just fine for a costume,Positive,Positive,Positive,Positive,Positive,5,5,5,5,5,5.0,5.0,5.0,5.0
my husband works in the heat and loves this hat  it keeps him cool,Positive,Positive,Positive,Positive,Positive,5,5,5,5,5,5.0,5.0,5.0,5.0
great item but strap is already ripping i guess it can be fixed just not as durable as i thought,Positive,Positive,Positive,Positive,Positive,5,5,5,5,3,3.5999999999999996,3.5999999999999996,3.5999999999999996,3.5999999999999996
this is your standard halloween costume material and durability did the job for what it was intended and its adorable,Neutral,Positive,Positive,Positive,Positive,5,5,5,5,5,5.0,5.0,5.0,5.0
my 9 yo daughter was clear  she wanted a messenger bag preferably in turquoise with at least 3 pockets  this bag fit the bill perfectly  it has 3 large pockets which all close with heavyduty zippers  the largest pocket is big enough to carry a 3ring binder lunch bag several books notebooks folders and a jacket  there are several smaller pockets internally for pencils small notebooks phones etc  the handle is broad enough to not twist easily and can be adjusted to fit shorter or longer bodies  she has only used it for 3 weeks but so far it seems like it will hold up well throughout the year and she loves it  the bag we bought is mostly turquoise with a bit of white near the bottom  it is not the plaid one shown in the photo,Positive,Positive,Positive,Positive,Positive,5,5,5,5,5,5.0,5.0,5.0,5.0
i love it,Positive,Positive,Positive,Positive,Positive,5,5,5,5,5,5.0,5.0,5.0,5.0
great buythe case is very soft and fits kings only which is what my mom wanted only problem is shipping it arrived over a week later than was promised because it was sent all over the us i stead of straight to me,Positive,Positive,Positive,Positive,Positive,5,5,5,5,5,5.0,5.0,5.0,5.0
this is way too large  it looks great in the picture  has great color in the costume but definitely did not like it on me,Positive,Positive,Positive,Positive,Positive,5,5,5,5,1,2.2,2.2,2.2,2.2
it is a good costumenot sheer doesnt feel cheap  and it fit well i ordered the large so it would be long enough midthigh and it was  but the trim stitching was already unraveling at the end of the night,Positive,Positive,Positive,Positive,Positive,5,5,5,5,5,5.0,5.0,5.0,5.0
quality at a good price,Positive,Positive,Positive,Positive,Positive,5,5,5,5,5,5.0,5.0,5.0,5.0
"like the other reviewer i love the shape of this cuff but it hurts on the ear and gets caught in long hair  i have tried it on the lobe upper part of my ear and inside part of my ear and doesnt matter  its hard to get on and im constanly checking to make sure its there

even with all that i only took one star away beucase once on it is very cute if you can handle the discomfort",Negative,Positive,Positive,Positive,Positive,5,5,5,5,5,5.0,5.0,5.0,5.0
very well,Positive,Positive,Positive,Positive,Positive,5,5,5,5,5,5.0,5.0,5.0,5.0
was very large but i have muscular build so my waist is smaller than my back and shoulders,Positive,Neutral,Positive,Positive,Positive,5,5,3,5,5,5.0,5.0,4.4,5.0
great tote bag more like a messenger bag i carry a bunch of gadgets and electronics for my work and this has more than enough compartments to keep my things organized,Positive,Positive,Positive,Positive,Positive,5,5,5,5,5,5.0,5.0,5.0,5.0
this dress worked perfectly for a great gatsby themed wedding i am 52 125 pounds and the small fit perfectly,Positive,Positive,Positive,Positive,Positive,5,5,5,5,5,5.0,5.0,5.0,5.0
"these shirts are a bit too big and baggy should have gone with a medium
good quality though very soft",Positive,Positive,Positive,Positive,Positive,5,5,5,5,5,5.0,5.0,5.0,5.0
hubby loves it he has two one for the yard and one for going out,Positive,Positive,Neutral,Positive,Positive,5,5,5,3,5,5.0,5.0,5.0,4.4
you get a lot of product for the money cant wait to see my husband wearing it,Positive,Neutral,Neutral,Positive,Positive,5,5,3,3,5,5.0,5.0,4.4,4.4
for the price this was ok  the fringe is not very thick rather spread out on the dress  the size was too small for me even though an xl usually fits and i have room,Positive,Positive,Positive,Positive,Positive,5,5,5,5,3,3.5999999999999996,3.5999999999999996,3.5999999999999996,3.5999999999999996
very nice,Positive,Positive,Positive,Positive,Positive,5,5,5,5,5,5.0,5.0,5.0,5.0
these are quality shirts that will help relive your golden years when going to polk high meant something,Neutral,Positive,Positive,Positive,Positive,5,5,5,5,5,5.0,5.0,5.0,5.0
had an awards dinner shirt came in good time fits good,Positive,Positive,Positive,Positive,Positive,5,5,5,5,5,5.0,5.0,5.0,5.0
great shirts they feel good and the cut is nice,Positive,Positive,Positive,Positive,Positive,5,5,5,5,5,5.0,5.0,5.0,5.0
the bag seems sturdy with good quality leather i especially like how the opening of the bag is reinforced with metal so it stays open wide making it easier to find things,Positive,Positive,Positive,Positive,Positive,5,5,5,5,5,5.0,5.0,5.0,5.0
have been using a cloth kit for too many years  just like the one i had about 35 years ago while in the service  great product,Positive,Positive,Positive,Positive,Positive,5,5,5,5,5,5.0,5.0,5.0,5.0
well made and handsome i like it a great deal,Positive,Positive,Positive,Positive,Positive,5,5,5,5,5,5.0,5.0,5.0,5.0
very big and cumbersome  my 7 year old son could not walk around with it and see where he was going  i put in lots of padding and it still did not fit  it sits in his room on a shelf instead of an active toy  he did like the sounds and visor that moved,Negative,Positive,Negative,Positive,Negative,5,1,5,1,3,3.5999999999999996,2.3999999999999995,3.5999999999999996,2.3999999999999995
i bought this dress for a costume party over the holidays i had read the reviews prior to buying it and it was mentioned many times that it ran a little small i usually wear a size large or size 12 i ordered the extra large and it fit perfect it was not too tight and very comfortable i got lots of compliments on the dress the fringe does seem to shed a bit but did not affect the look of the dress most of the other flapper dresses at the party had the same problem or the feathers were coming off easy to move around in and dance in as well arm holes were not too big or too tight which was great arrived earlier than the estimated ship date too so that was even better,Positive,Positive,Positive,Positive,Positive,5,5,5,5,5,5.0,5.0,5.0,5.0
after reading the reviews and reading that these booties ran large i ordered a size smaller than my grandson normally wears and they fit wonderfully with a  little room for growth when we put the booties on my grandson he liked them he kept sticking them in everyones face to see and when we put out the booties to wear he chooses these booties each time they are his favorite,Neutral,Positive,Positive,Positive,Positive,5,5,5,5,5,5.0,5.0,5.0,5.0
love this dress i felt very pretty and the material was sturdy,Positive,Positive,Positive,Positive,Positive,5,5,5,5,5,5.0,5.0,5.0,5.0
it was smaller than what i was expecting i had to cut them to be able to use them with my halloween costume,Neutral,Negative,Positive,Positive,Positive,5,5,1,5,3,3.5999999999999996,3.5999999999999996,2.3999999999999995,3.5999999999999996
im usually a size 4 but in dresses a 68 usually fits me better i got the 68 and found it was a tad too big but it still looked and felt great,Positive,Positive,Positive,Neutral,Positive,3,5,5,5,5,4.4,5.0,5.0,5.0
very soft and did not hurt my sons face  this one is so much nicer than most you see in stores,Neutral,Positive,Positive,Positive,Positive,5,5,5,5,5,5.0,5.0,5.0,5.0
im so pleased with the quality of this costume  not cheap and flimsy like most costumes  really love it  thanks,Positive,Positive,Positive,Positive,Positive,5,5,5,5,5,5.0,5.0,5.0,5.0
the mediums fit more like xl way to baggy who the hell picks these sizes,Positive,Negative,Positive,Positive,Positive,5,5,1,5,1,2.2,2.2,1.0,2.2
i bought them knowing they would be too short but i needed these for my bee club halloween party  i cant tell you how delighted i was  if i could have chosen the perfect fit this would be it  there were several items in this order but i went out of my way to write a review only on thiese tights  they are perfect  im 57 140 lbs,Neutral,Positive,Positive,Positive,Positive,5,5,5,5,5,5.0,5.0,5.0,5.0
perfect fit,Positive,Positive,Positive,Positive,Positive,5,5,5,5,5,5.0,5.0,5.0,5.0
"i got this one and the blue and purple and gave my wife and daughter 1st choice 3rd going to her aunt but they all share the 3 and trade off  fine by me long as they are happy
  sunlight makes them all sparkle but i think i like this one the best for its multicolor",Positive,Positive,Positive,Positive,Positive,5,5,5,5,5,5.0,5.0,5.0,5.0
perfect for 8 year old  he has never had the luck of finding a costume hathelmet that fit until this one  it might be a little large for some children but buy some weatherstripping from your local hardware line the inside and you will have a great helmet that will grow with your little one excellent quality,Negative,Positive,Positive,Negative,Negative,1,1,5,5,5,3.8,3.8,5.0,5.0
"this case keeps your ipod the way its meant to be thin  i have the pink case which looks great with my white ipod  and it fits perfectly

it is a little more costly with the shipping but you get the armband etc etc  havent used any of the accesories yet

tip  if youre putting this case on a brand new ipod peel up the original plastic protecting the front of the ipod and cut just below the screen  this way your screen will still be protected in the original packaging and you can save the screen protector they send for a replacement

i do wish it covered more of the silver part near the usb and the armband holes in the back but hey obviously i understand you need to be able to plug it in and get the armband through the hold switch and headphone cutouts are perfect",Neutral,Positive,Positive,Positive,Positive,5,5,5,5,5,5.0,5.0,5.0,5.0
"i normally wear a size 8 i got the small as reviews said it ran big good call  the boot toppers as other reviewers called it are not so great but hey it is a costume  i plan to buy gogo boots for it later
with the fact its a costume in mind its great  as i am short 52 the skirt goes midthigh but i like that  im not uberconservative but im not an exhibitionist either
all in all its worth it
dont forget to check amazon for a lasso theres one for about 6  goes great with costume",Positive,Positive,Positive,Positive,Positive,5,5,5,5,5,5.0,5.0,5.0,5.0
very cute i have large feet size 10 they were stretchy and adorable great price too fast shipping ,Positive,Positive,Positive,Positive,Positive,5,5,5,5,5,5.0,5.0,5.0,5.0
great for a costume,Positive,Positive,Positive,Positive,Positive,5,5,5,5,5,5.0,5.0,5.0,5.0
nicely made but ill have to wear a bandana under itit runs a bit big,Positive,Negative,Positive,Positive,Positive,5,5,1,5,5,5.0,5.0,3.8,5.0
was perfect for the price and the occasion the only problem was the fringes fell off relatively easily,Positive,Positive,Positive,Neutral,Neutral,3,3,5,5,5,4.4,4.4,5.0,5.0
it took several days to break these in which was fine i figured theyd last ive had them  year now and they need to be replaced the soles lasted about 9 months before developing the first hole the leather held up reasonably well but the stitching is starting to fray probably not awful for the price but the soles not even lasting a year sort of kills it for me,Negative,Negative,Positive,Negative,Negative,1,1,1,5,1,1.0,1.0,1.0,2.2
ck is a favorite underwear brand of mine for years because of repeatwashing durability along with use of good quality comfortable cotton these vnecked tee shirts are no exception id buy them again would have preferred slightly more length in the body but i am longwaisted perhaps a tall size would have been better for me but then the short sleeves tend to be too long so i went with the xl i would purchase these again and probably will,Negative,Positive,Positive,Negative,Negative,1,1,5,5,5,3.8,3.8,5.0,5.0
very nice not much stretch though it fit as expected so stretch wasnt a concern just nice to have a little give just in case,Positive,Positive,Positive,Positive,Positive,5,5,5,5,5,5.0,5.0,5.0,5.0
perfect for the occassion and it traveled well  looked good and was just as described he looked good in it and i may use it for a night shirt,Neutral,Positive,Positive,Negative,Negative,1,1,5,5,5,3.8,3.8,5.0,5.0
completed the costume for my daughters school project,Positive,Neutral,Neutral,Positive,Positive,5,5,3,3,5,5.0,5.0,4.4,4.4
fits geat and looks great on my 4mo baby,Positive,Positive,Positive,Positive,Positive,5,5,5,5,5,5.0,5.0,5.0,5.0
we purchased this set to be my wedding set as we are low on cash and i did not want something expensive for fear of losing it etc this set is absolutely beautiful i absolutely love the setting and the cut of the cz to me it doesnt scream fake but if you get close to it and really want to analyze it you will probably be able to tell its a cz although i think it sparkles and shines just as well or better than some diamonds personally the only thing that i think could be a little better is that it could be a little more scratch resistant but that could be the plating as i have had other sterling silver rings that werent plated that didnt scratch as easily gem avenue is a great seller and extremely helpful and quick in response time and shipment i will buy from them again if you are looking for a great looking set at a great price this is your set,Positive,Positive,Positive,Positive,Positive,5,5,5,5,5,5.0,5.0,5.0,5.0
very cute socks fit my size 10 feet perfectly and are even a little longer than i expected having bigger feet very cute with any shoes i love them with these black mary janes so cute,Positive,Positive,Positive,Positive,Positive,5,5,5,5,5,5.0,5.0,5.0,5.0
we tried these shirts in the pinpoint fabric but after washing they are the worst wrinkled shirt i have ever tried  i have a steam dryer and it looks like it was rolled into a ball wet and then dried awful  the quality is fine but if you iron your own shirts beware  probably okay if you use the cleaners,Negative,Negative,Negative,Negative,Negative,1,1,1,1,1,1.0,1.0,1.0,1.0
much too small,Positive,Neutral,Negative,Positive,Positive,5,5,3,1,3,3.5999999999999996,3.5999999999999996,3.0,2.3999999999999995
i love this hat it is very lightweight with sides wide enough to protect babys face if left down or folded up if he wanted to observe his surroundings the fact that is is a pure cotton was my reason to chose this model and i am glad i did  pretty color light thin but not flimsy or cheap looking great product,Positive,Positive,Positive,Positive,Positive,5,5,5,5,5,5.0,5.0,5.0,5.0
"came on time in a comically huge box overall an overpriced piece of plastic junk the seam down the center is crooked and the parts on front werent even snapped together this would be fine for something that cost 500 amazon sells it for over 20
 one button opens the visor but this function broke almost right away another button does nothing but cause a loud low quality voice screaming a countdown followed by the sound of a rocket blasting off i should point out the speaker is inside the helmet right beside the wearers ear it does this at top volume and the only way to stop it is to take it apart",Positive,Negative,Positive,Positive,Positive,5,5,1,5,1,2.2,2.2,1.0,2.2
bag was much larger than expected will fit 21 laptop easily and all cables not quite the messenger bag that i was expecting  more of a laptop bag still it was well made and sturdy,Negative,Positive,Positive,Negative,Negative,1,1,5,5,5,3.8,3.8,5.0,5.0
similar to other reviews costume came quickly i was hosting a speakeasy holiday party and didnt need to spend a lot of  so a costume fit the bill i expected and got costume quality which was cheap but better than spending 200 on a vintage dress i might not wear again i ordered a large i normally wear a size 1012 which can run from medium to large so i thought i was playing it safe but this dress was so tight in the hips that i could barely get it on my husband had to help me get into it and because the hips were so tight in the dress the costume ended up being ridiculously short so that i had to wear bike shorts underneath to keep it from being obscene im pretty sure flappers were known for loosefitting clothing not tight constrictive clothing im also pretty sure the modern woman could probably not fit into a real 1920s dress so the size definitely needs to be adjusted i would not order from california costumes again because of this,Negative,Positive,Positive,Positive,Positive,5,5,5,5,1,2.2,2.2,2.2,2.2
realy soft i like it,Positive,Positive,Positive,Positive,Positive,5,5,5,5,5,5.0,5.0,5.0,5.0
i bought this tote for school i have used it for a long time and it works great it is a very nice size and is comfortable to carry around on my shoulder i picked the white and pink bag but it gets dirty i take everything out of it and put it on a delicate cycle to wash and it looks nice and clean again,Positive,Positive,Positive,Positive,Positive,5,5,5,5,5,5.0,5.0,5.0,5.0
got 5 of these to go along with initial pendents i purchased for my bridesmaids they were even more beautiful than they were in the picture i cant wait to give it to them at my october wedding,Positive,Positive,Positive,Positive,Positive,5,5,5,5,5,5.0,5.0,5.0,5.0
"dont get me wrong i love these but wow the sizing is waaaay off i bought size 3 months hoping they would fit my 6 month old and they were still to big when they did finnally fit her they really didnt stay on well she has rather small feet so this might not be the shoe for her saddly we love minnetonka in this house so we will continue to buy them just maybe not thier baby shoes
also kind of annoying to lace up",Positive,Positive,Positive,Positive,Positive,5,5,5,5,5,5.0,5.0,5.0,5.0
all good,Positive,Positive,Positive,Negative,Negative,1,1,5,5,5,3.8,3.8,5.0,5.0
is very small doesnt  fit my smokes,Negative,Negative,Positive,Positive,Positive,5,5,1,5,1,2.2,2.2,1.0,2.2
im 57 and typically wear a size 4 sometimes 6 and bought a size small it fit around the hips though the skirt was goofy puffythe top part seemed snug but its not like wearing a corsetit would often crease up on the sides which i found kind of annoying because it just wasnt flattering around the mid section  also i definitely did not have enough cleavage to fill in the bust area  although i did not find the costume very flattering on my body type it would probably look much better on someone with more of an hourglass figure i still got a lot of compliments on halloween like the other reviews the cape was choking me so i couldnt wear it the entire night  the material is pretty goodi think the costume will hold up for a few more wears  not bad for what i paid for it,Positive,Positive,Positive,Positive,Positive,5,5,5,5,3,3.5999999999999996,3.5999999999999996,3.5999999999999996,3.5999999999999996
the product is excellent good design color quality and style he covered my expectations resulting a good investment i recommend this product ,Positive,Positive,Positive,Positive,Positive,5,5,5,5,5,5.0,5.0,5.0,5.0
really good quality costume but sizes a little on the smaller side otherwise very happy,Positive,Positive,Positive,Positive,Positive,5,5,5,5,3,3.5999999999999996,3.5999999999999996,3.5999999999999996,3.5999999999999996
we kept this shirt since we bought another type as well it looks great and wears well,Positive,Positive,Positive,Positive,Positive,5,5,5,5,5,5.0,5.0,5.0,5.0
love this case i have had about 10 of them over the years so glad you carry them,Positive,Positive,Positive,Positive,Positive,5,5,5,5,5,5.0,5.0,5.0,5.0
the outfit ia cute but the cuffs and bulky and weird i actually ordered this for the cuffs and headband but am going to use the suit amd cuffs only the boot covers are way to big the cuffs are ok after i safety pin them smaller the headband is cheaper than the cheap one i have the cape and dress are nice but i am going to have to pin the waist smaller too overall nice and would recommend it,Negative,Positive,Positive,Positive,Positive,5,5,5,5,5,5.0,5.0,5.0,5.0
best costume ever follow the directions and go down a size,Positive,Positive,Positive,Negative,Negative,1,1,5,5,5,3.8,3.8,5.0,5.0
this beautiful ring duo is absolutely stunning and very exquisite when i put it on my jaw dropped it was gorgeous i was very satisfied with this purchase i have purchased rings before that have costed an arm and a leg that dont look this good,Negative,Positive,Positive,Negative,Negative,1,1,5,5,5,3.8,3.8,5.0,5.0
"we purchased this item to go along with an astronaut suit our son wears he has gone as far as wearing it to school to his friends house and had his mom not stopped him he would have worn it to church accompanied by a jumpsuit gloves backpack and boots all sold seperately this helmet really awakens a childs imagination the visor openscloses for realistic play and the microphone and sound effects only add to the experience my sons interest in space and exploring the universe has increased since the purchase and i have no doubt the item only enhanced his interest

a recommended item for any child who wishes to explore the galaxy",Positive,Positive,Positive,Negative,Negative,1,1,5,5,5,3.8,3.8,5.0,5.0
"size was excellent the quality was high very comfortable in confusion
calvin klein brand is well known and i would like to always wear this brand",Positive,Positive,Positive,Positive,Positive,5,5,5,5,5,5.0,5.0,5.0,5.0
husbands hat  het likes everything about it except that it hits the car headrest when he drives  im going to steam it and see if i can make it a little more curved,Positive,Positive,Positive,Positive,Positive,5,5,5,5,5,5.0,5.0,5.0,5.0
feels like extremely poor quality would never buy again,Positive,Negative,Negative,Positive,Positive,5,5,1,1,1,2.2,2.2,1.0,1.0
it fits pretty good if you wear anything above a size six i would recommend getting a medium its super cute and everything fit pretty well ,Negative,Positive,Positive,Positive,Positive,5,5,5,5,5,5.0,5.0,5.0,5.0
nice,Positive,Positive,Positive,Positive,Positive,5,5,5,5,5,5.0,5.0,5.0,5.0
shirt was of good quality for the price i purchased the 14 x 3031 size as a 140lb 58 athletic build and the shirt was somewhat large but still a good fit for not being advertised as slim fit,Negative,Positive,Positive,Positive,Positive,5,5,5,5,5,5.0,5.0,5.0,5.0
very pleased with this cigarette case ive had the exact same one before but i lost it it holds up really well compared to some other cases ive owned you wont be sorry if you purchase this and the price is right,Positive,Positive,Positive,Positive,Positive,5,5,5,5,5,5.0,5.0,5.0,5.0
i read reviews saying the dress got small so i ordered a large i think a medium would have fit better around the sides im excited to wear it as my halloween costume,Neutral,Positive,Positive,Negative,Negative,1,1,5,5,3,2.3999999999999995,2.3999999999999995,3.5999999999999996,3.5999999999999996
this costume is of good quality looks sexy but not risqu since it covers everything i got lots of compliments on it,Positive,Positive,Positive,Positive,Positive,5,5,5,5,5,5.0,5.0,5.0,5.0
the package came together as expected dress  gloves fishnet stocking  the boa,Neutral,Neutral,Negative,Positive,Positive,5,5,3,1,5,5.0,5.0,4.4,3.8
great fit and completed my halloween flapper look,Positive,Positive,Positive,Neutral,Positive,3,5,5,5,5,4.4,5.0,5.0,5.0
i bought this necklace for my friend to place a charm on  the shipping was fast and the company was very professional and is genuinely interested in your feedback  very nice silver chain for the money,Positive,Positive,Positive,Positive,Positive,5,5,5,5,5,5.0,5.0,5.0,5.0
item was great quality and came promptly  im very happy with it and recommend it unreservedly,Positive,Positive,Positive,Positive,Positive,5,5,5,5,5,5.0,5.0,5.0,5.0
cheap quality you get what you pay for didnt even end up wearing i bought a better quality dress,Positive,Positive,Positive,Positive,Positive,5,5,5,5,1,2.2,2.2,2.2,2.2
im 5 ft tall and it was a little too long for my liking so i easily cut the last tier and did some pinning on the sides but other than that its great i had seen in the picture that the headband feather looked pretty pathetic so i ordered one somewhere else and im really glad i did,Positive,Positive,Positive,Positive,Positive,5,5,5,5,5,5.0,5.0,5.0,5.0
i purchased this robe for my mom it was way too large and too hot returned the robe but she did like the material,Positive,Positive,Positive,Positive,Positive,5,5,5,5,1,2.2,2.2,2.2,2.2
fits great just what i wanted,Positive,Positive,Positive,Positive,Positive,5,5,5,5,5,5.0,5.0,5.0,5.0
the red bled onto the white on the boot covers,Positive,Neutral,Neutral,Positive,Positive,5,5,3,3,3,3.5999999999999996,3.5999999999999996,3.0,3.0
the flapper costume is really cute the size runs small which i gathered viewing it on the website am glad i bought 2 sizes larger  the fit is still a bit tight the fringe was hard to control and i needed help to get it to lay straight on the shoulders and back after wearing it for a few minutes the fringe finally hung correctly got lots of complements and would recommend this purchase for others,Positive,Positive,Positive,Positive,Positive,5,5,5,5,5,5.0,5.0,5.0,5.0
had to return for another size,Positive,Neutral,Neutral,Positive,Positive,5,5,3,3,5,5.0,5.0,4.4,4.4
i ordered two of these sterling silver box link chains and when they arrived i was very surprised at the quality the careful packaging and fast delivery service one chain was for me and one was a gift the recipient loved the gift as did i i will order more jewelry from this great company,Positive,Positive,Positive,Positive,Positive,5,5,5,5,5,5.0,5.0,5.0,5.0
well constructed stylish and lots of room,Positive,Positive,Positive,Positive,Positive,5,5,5,5,5,5.0,5.0,5.0,5.0
excelent product,Positive,Neutral,Neutral,Positive,Positive,5,5,3,3,5,5.0,5.0,4.4,4.4
great costume especially for the price and better quality than i expected and fun to wear not much else to say,Neutral,Positive,Positive,Positive,Positive,5,5,5,5,5,5.0,5.0,5.0,5.0
ok,Positive,Positive,Positive,Positive,Positive,5,5,5,5,3,3.5999999999999996,3.5999999999999996,3.5999999999999996,3.5999999999999996
i buy three v necks to wear around the house every year last year i bought these shirts in large and white they were a bit bigger than i wanted and got dirty quickly this year i bought medium and black the fit is great not too tight in the stomach area or shoulders i am average build and wear a 42 long suit coat these shirts are great hopefully they do not fade too much from weekly washing i will check back in if there is anything to report down the road,Positive,Positive,Positive,Positive,Positive,5,5,5,5,5,5.0,5.0,5.0,5.0
i thought when i ordered that i would get a pair of johnston  murphy which i didnt i probably did not read the text good enough i started with jm an excellent american manufacturer and ended up with a pair of shoes made in india disappointing,Positive,Positive,Positive,Positive,Positive,5,5,5,5,1,2.2,2.2,2.2,2.2
i went with a medium instead of a small based on the reviews i normally wear a size 4 or 6 this dress was a bit too big for me but it worked just fine i worried that the small would have been too snug im 58 and the dress came to about 5 inches above my knee the headpiece was comfortable however the feather attached was a bit flimsy overall it worked and i got many compliments,Positive,Positive,Positive,Positive,Positive,5,5,5,5,5,5.0,5.0,5.0,5.0
perfect fit great costume material for the price,Negative,Positive,Positive,Positive,Positive,5,5,5,5,5,5.0,5.0,5.0,5.0
ended up tearing,Negative,Neutral,Neutral,Negative,Negative,1,1,3,3,1,1.0,1.0,1.6,1.6
everybody loves it,Positive,Positive,Neutral,Positive,Positive,5,5,5,3,5,5.0,5.0,5.0,4.4
i had to buy a replacement for my wedding set due to pregnancy swelling and this item looked the closest i could find to my real set  this is an excellent product for the money 2 rings however if you look closely at the center stone you can tell its not a real diamond and really how often does anyone but the wearer really look that closely  the only reason i rated it a 4 instead of 5 was because the center stone should be set up higher to allow the two rings to nest  due to how the prong is set there is a small gap between the rings when they are placed next to each other again something no one else but the wearer will notice,Negative,Positive,Positive,Positive,Positive,5,5,5,5,5,5.0,5.0,5.0,5.0
bought the small costume for my daughter for a 20s night presentation she had to give at school  she is 49 and the length and fit were great  dress is very flattering and not tight through the middle or hips  the headband with the single feather was fine  slightly small feather but she is petite and she thought she looked great added fishnet stockings gloves beads and a black feather boa that never stops shedding  she looked marvelous and got many compliments on her outfit  ordered it with amazon prime and it arrived in 48 hours,Positive,Positive,Positive,Neutral,Neutral,3,3,5,5,5,4.4,4.4,5.0,5.0
i order an xl and it was too big and the leg warmers were too big so i made them thigh highs to give me an added sexy look over all the quality was great and i was very pleased i roughly wear 1214 so it was a little to big  i was a hit in this costume  wonder woman was every little girls super hero and i got a chance to be her i received it in a timely manner and the price was well worth it,Positive,Positive,Positive,Positive,Positive,5,5,5,5,5,5.0,5.0,5.0,5.0
this costume is extremely ill fitting i normally wear a large in most clothes especially due to a large bust but even this costume was way too big on my chest the skirt was too long and covered the boot covers which didnt stay up and were too small to cover even a loafer shoe i had on when i tried them no way they were going to cover up any boots the gauntlet bracelets were huge and made for a bodybuilders arms not a regular girl this is on its way back to amazon already very disappointed,Positive,Negative,Negative,Positive,Positive,5,5,1,1,1,2.2,2.2,1.0,1.0
i ordered this hat after i was sunburned while doing yard work the brim on this hat is large enough to cover my face ears and the back of my neck the ventilation is great,Positive,Positive,Positive,Positive,Positive,5,5,5,5,5,5.0,5.0,5.0,5.0
ordered a 16 chain and very happy with it its very thick and nice looking definitely worth the price,Positive,Positive,Positive,Positive,Positive,5,5,5,5,5,5.0,5.0,5.0,5.0
love this hat  i highly recommend for kayaking and sunny beach days or on the golf course,Positive,Positive,Positive,Positive,Positive,5,5,5,5,5,5.0,5.0,5.0,5.0
not happy at all this ring looked very good in the pictures however when i received it was i so disapointed,Negative,Positive,Positive,Negative,Negative,1,1,5,5,1,1.0,1.0,2.2,2.2
fabric comfortable very simple style the three basic colors are also easy to match a good choice,Negative,Positive,Positive,Positive,Negative,5,1,5,5,5,5.0,3.8,5.0,5.0
i just received my anklet today  it is beautiful to say the least  i have looked for anklets in stores at the mall and no one ever seems to have any the one or two ive seen were rather childlike looking of course i finally get the bright idea of looking on amazon  and they never fail to have just what i want i never ordered from serenity crystals before but they shipped the anklet the same day i placed my order and i had it 4 days later including the weekend i never would have found anything close to this for what i paid online even with shipping fees  this is a great price for a beautiful anklet,Positive,Positive,Positive,Positive,Positive,5,5,5,5,5,5.0,5.0,5.0,5.0
bought this for my mom as hers was really worn out like the added addition of the zipper pocket,Positive,Positive,Positive,Positive,Positive,5,5,5,5,5,5.0,5.0,5.0,5.0
was looking at wearing these for halloween but they were a little too small and got runs in them when i tried to pull them up will not buy again,Positive,Neutral,Negative,Positive,Positive,5,5,3,1,3,3.5999999999999996,3.5999999999999996,3.0,2.3999999999999995
i ordered these for my husband who trains as a triathlete he loves wearing them in the cooler months to keep his hands warm while hes running or biking,Positive,Positive,Positive,Positive,Positive,5,5,5,5,5,5.0,5.0,5.0,5.0
my daughter is 4 months old and has an average size head  this hat is far too large for her  she might fit into once the summer is over but that would defeat its purpose,Positive,Negative,Positive,Positive,Positive,5,5,1,5,1,2.2,2.2,1.0,2.2
yes,Negative,Positive,Neutral,Neutral,Positive,3,5,5,3,5,4.4,5.0,5.0,4.4
i ordered this as a wonder wallet insert it is not,Positive,Neutral,Neutral,Negative,Negative,1,1,3,3,1,1.0,1.0,1.6,1.6
bought this for my 15 year old daughter and it was perfect  we added a boa from michaels craft store and a cheap pearl necklace  it was the perfect outfit and she will be able to wear it again quality wasnt excellent but it was definitely decent quality and held up great through a night of running around and hanging with friends,Positive,Positive,Positive,Positive,Positive,5,5,5,5,5,5.0,5.0,5.0,5.0
good product but not for 100s or 120s,Positive,Positive,Positive,Negative,Negative,1,1,5,5,5,3.8,3.8,5.0,5.0
the chains were for my grand daughters so im very picky about the quality  they dont contain the harmful chemicals that are found in the extremely cheap chains so i know their health will not be put in jeopardy  the quality of these chains is excellent  they are strong and very beautiful  my grand daughters had some charms they wanted to wear and these chains are perfect i will definitely purchase these chains again when needed,Positive,Positive,Positive,Positive,Positive,5,5,5,5,5,5.0,5.0,5.0,5.0
love this hat it keeps my shorn head cool and protected the price was 13 that of the hat i originally considered  one of my best purchases   i would not hesitate to buy another one  the description says its crush able but i like it so much im afraid to test it,Positive,Positive,Positive,Positive,Positive,5,5,5,5,5,5.0,5.0,5.0,5.0
i got xlarge a bit too big but good quality,Positive,Positive,Positive,Positive,Positive,5,5,5,5,5,5.0,5.0,5.0,5.0
similar to other reviewers the dress is a much better quality than expected for a costume its a little too short which i think was the intent for this style of dress for my comfort but nothing a pair of tights cant fix,Positive,Positive,Positive,Positive,Positive,5,5,5,5,5,5.0,5.0,5.0,5.0
the shirt is huge i bought the size i normally wear and it is a lot bigger great quality though,Positive,Positive,Positive,Positive,Positive,5,5,5,5,3,3.5999999999999996,3.5999999999999996,3.5999999999999996,3.5999999999999996
"it looks to good to be true and it is i am  54 weigh 110 pounds so i am small i ordered a small which apparently fit sizes 26 i am naturally between and 0 and a 2 and it did not fit correctly
the cuffs were microscopically small and did not fit on my 5 inch wrists they did not stretch either i noticed scratches in the fabric as soon as i opened the box the sewing was terrible off center and it looked like i had fat rolls when i put the costume on the fabric is terrible quality not happy at all will not be wearing this on halloween",Negative,Negative,Negative,Negative,Negative,1,1,1,1,1,1.0,1.0,1.0,1.0
love these shirts  comfortable and fit well,Positive,Positive,Positive,Positive,Positive,5,5,5,5,5,5.0,5.0,5.0,5.0
really cute on and fits exactly as described even came with the headband that i was not expecting,Positive,Positive,Positive,Positive,Positive,5,5,5,5,5,5.0,5.0,5.0,5.0
i received my rings well before when they were supposed to show up the box that they come in is so cute when i opened it and looked inside the rings were even better than pictured online they are very beautiful and the fit is perfect,Positive,Positive,Positive,Positive,Positive,5,5,5,5,5,5.0,5.0,5.0,5.0
im disappointed in the quality because when i was pulling apart the skirt the print was over lapping and sticking which caused the blue and the stars to come off which gives it a tacky appearance i did order a new one just smaller which is a risk i am taking i hope the seller can see this and try and be sure that its not sticky so when i pull it apart it wont rip off the print,Negative,Neutral,Negative,Negative,Negative,1,1,3,1,1,1.0,1.0,1.6,1.0
way too big,Neutral,Neutral,Neutral,Positive,Positive,5,5,3,3,1,2.2,2.2,1.6,1.6
excellent costume,Positive,Positive,Positive,Positive,Positive,5,5,5,5,5,5.0,5.0,5.0,5.0
the costume authenticity is great it is really cool but it runs large i personally wear a 12 pants and a large shirt and the top of the large costume was bulky and wrinkled up making it look like i had a huge fat roll around my waist it made me look a lot bigger than i really am  i shouldve went with the medium,Negative,Positive,Positive,Negative,Negative,1,1,5,5,3,2.3999999999999995,2.3999999999999995,3.5999999999999996,3.5999999999999996
i ordered this necklace for my mom for christmas and i was so surprised at how nice and shiny it was and just the overall quality of the necklace  she has had issues with other necklaces breaking and this necklace she absolutely loves its very durable  i would definitely recommend to anyone its more beautiful than in the pics,Positive,Positive,Positive,Positive,Positive,5,5,5,5,5,5.0,5.0,5.0,5.0
i loved this outfit and got so many compliments on it the only reason i gave it 4 stars is the boot covers were not long enough to cover a size 10 boot at the bottom so a good portion of my shoe stuck out  i am a size 12 and the medium fit perfectly  cant wait to buy from you again,Positive,Positive,Positive,Positive,Positive,5,5,5,5,5,5.0,5.0,5.0,5.0
very nice shoes i wear them to the office everyday i use these shoes with jeans  not too distressed jeans,Positive,Positive,Positive,Neutral,Neutral,3,3,5,5,5,4.4,4.4,5.0,5.0
purchased these for my granddaughter and she absolutely loves them,Positive,Positive,Positive,Positive,Positive,5,5,5,5,5,5.0,5.0,5.0,5.0
im about 51 and 116 lbs i read some reviews and decided to order a medium instead of a small and that was the right choice besides the straps being a little too long so the dress hung too low on me im a curvy girl it was fantastic i wore it to a costumed event and everyone thought i looked great even random guests came over to take pictures with me i would absolutely buy from them again,Negative,Positive,Positive,Negative,Negative,1,1,5,5,5,3.8,3.8,5.0,5.0
nice for my boots arrived on time and sturdy,Negative,Positive,Positive,Negative,Negative,1,1,5,5,5,3.8,3.8,5.0,5.0
ive installed the replacement windows and they work just fine,Negative,Positive,Positive,Negative,Negative,1,1,5,5,5,3.8,3.8,5.0,5.0
my baby has yet to be born but i bought these early because i couldnt refuse the cuteness of them,Positive,Negative,Positive,Positive,Positive,5,5,1,5,5,5.0,5.0,3.8,5.0
i only buy these undershirts  they shrink much less than your basic hanes or fruit of the loom well worth the extra money to have a shirt that lasts,Positive,Positive,Positive,Positive,Positive,5,5,5,5,5,5.0,5.0,5.0,5.0
i like this case but i smoke 100s and it is a little tighter fit than i would like otherwise it seems great quality,Positive,Positive,Positive,Positive,Positive,5,5,5,5,5,5.0,5.0,5.0,5.0
this is a beautiful dress i was so happy and pleasantly surprised when i opened the package to see this kind of detail i was amazed of the weight and designer quality the details in this dress cant be captured by a camera the tassels are perfectly placed the satin material is a nice stock and the sequin details are a beautiful touch then i tried it on and wow it fit me as if it were tailored for me it gave me hugged every curve that i didnt know i had and it made me feel so amazing and so sexy i know my smile must have been from ear to ear at the party that night i got so many compliments i really felt like a movie star i will wear this dress to cocktail parties and out to dinner and cant wait to wear it again i have designer dresses that cost 5 times what this did that dont have the style and quality this does im ordering the red one now,Negative,Positive,Positive,Negative,Negative,1,1,5,5,5,3.8,3.8,5.0,5.0
great for doing yard work comfortable fit keeps you shaded and cool major plus is that you can wash it when it starts to stink,Positive,Positive,Positive,Positive,Positive,5,5,5,5,5,5.0,5.0,5.0,5.0
it is so big my kid loved it not wealth the money consider only for one use maybe ill be an astronaut next halloween and after that,Positive,Negative,Positive,Positive,Positive,5,5,1,5,5,5.0,5.0,3.8,5.0
i purchased the same ts from macys which were made in haiti and they were twice as thick these are made in bangladesh they are thinner than the ones i just threw away i would only recommend these to my boss,Positive,Positive,Negative,Positive,Positive,5,5,5,1,1,2.2,2.2,2.2,1.0
i purchased this chain for my niece and she just loves it  it is very pretty without being too delicate  it has a nice shine to it and was well worth the money,Positive,Positive,Positive,Positive,Positive,5,5,5,5,5,5.0,5.0,5.0,5.0
so happy that i read the reviews before purchasing  these definitely run big  i got a size 1 for my 7 month old and they are big on her but i am happy that it just means theyll last longer beautiful booties,Positive,Positive,Positive,Positive,Positive,5,5,5,5,3,3.5999999999999996,3.5999999999999996,3.5999999999999996,3.5999999999999996
the waist and length are just right  i wear a 34w 32l pant size and the thigh area is diffucult to pull up to where it needs to be  i am by no means thick around the thighs  if i ordered a larger size i would have excess in the waist and in the length so pick your poison  otherwise a good value and high quality product,Positive,Negative,Positive,Positive,Positive,5,5,1,5,3,3.5999999999999996,3.5999999999999996,2.3999999999999995,3.5999999999999996
what do you expect from calvin dont think about worth it,Positive,Negative,Positive,Positive,Positive,5,5,1,5,5,5.0,5.0,3.8,5.0
i bought this necklace for myslef because it is bright and it is noticed all the time  it is durable as well  it can hold some weight as well  it stays bright  just the right length as well  there is nothing negative that comes to mind about this necklace  i will end up ordering more of these because i do need two more,Positive,Positive,Positive,Positive,Positive,5,5,5,5,5,5.0,5.0,5.0,5.0
"this is an item i had looked for locally first but couldnt find at a reasonable price

however i did find it on amazoncomthe first searchand the price was great

the item as a gift and the receiver of the gift was very pleased

thank you for outstanding servicenot to mention an outstanding product

sincerely

michael collins",Positive,Positive,Positive,Positive,Positive,5,5,5,5,5,5.0,5.0,5.0,5.0
i like the hat as i expected it fit well and does the job i expected it to do color is exactly as described the only problem i have is it took so long to receive the item next time i will pay for upgraded shipping i would highly recommend this hat for others to purchase,Positive,Positive,Positive,Positive,Positive,5,5,5,5,5,5.0,5.0,5.0,5.0
very good quality shirt for the price love the stretchable collar button mechanism definitely would recommend as great buy mine came with studs installed,Neutral,Positive,Positive,Positive,Positive,5,5,5,5,5,5.0,5.0,5.0,5.0
"just what i wanted just like the original inserts which came with the wallet
these arent sold in any brick and mortar stores anymore so a godsend",Positive,Positive,Positive,Positive,Positive,5,5,5,5,5,5.0,5.0,5.0,5.0
i had ordered a large in a different costume and it was very big  so i order this in the medium  i almost couldnt get it off once i put it over my head  so i had to order another one and pay 2 day shipping to ensure i got the replacement in time for the pary,Positive,Positive,Positive,Positive,Positive,5,5,5,5,3,3.5999999999999996,3.5999999999999996,3.5999999999999996,3.5999999999999996
glad i sized down based on everyones comments of it running a size big im an 810 on top and 1012 on bottom size medium fit perfect,Positive,Positive,Positive,Positive,Positive,5,5,5,5,5,5.0,5.0,5.0,5.0
bought a few nonneil allyn shirts beforemistake stick with the best as inexpensive  yeah under 50 is inexpensive for a tux shirt  tux shirts go neil allyn is the standard i have the wingtip and this arrowcollar version both fit the same xxl 35perfect for me im pushing a 4850 chest at this point so the xl is not quite there 35 fits my just under 35 arms perfectly theres good room  its not a trim fitits comfortable the shirt lays well and looks great button holes are slightly undercut so you may have to press to put studs in but otherwise its made well and holds up to the workouts,Negative,Positive,Positive,Negative,Negative,1,1,5,5,5,3.8,3.8,5.0,5.0
excellent,Positive,Positive,Positive,Positive,Positive,5,5,5,5,5,5.0,5.0,5.0,5.0
good quality,Positive,Positive,Positive,Positive,Positive,5,5,5,5,5,5.0,5.0,5.0,5.0
the sizing chart is completely wrong i bought a large and it fit smaller than a medium i had bought in a similar costume when i mean smaller i couldnt even get it over my shoulders and i wear size 1012 very disappointing returning for a refund,Positive,Negative,Negative,Positive,Positive,5,5,1,1,1,2.2,2.2,1.0,1.0
this hat is just what i hoped it would be  the top and brim are solid providing sun protection but the mesh allows for air circulation to keep your head cool  its almost identical to the henschel khaki hat but this one also has mesh covering the brim giving it a different style  originally thought the cord was unnecessary  but while golfing in a very strong breeze i had to use the cord to keep the hat from blowing off my head  the cord goes around the back of the hat when not in use,Negative,Positive,Positive,Negative,Negative,1,1,5,5,5,3.8,3.8,5.0,5.0
while the card pockets are adequately sized the insert leaf is very fragile and it detached from the main body within a week of use,Negative,Negative,Positive,Negative,Negative,1,1,1,5,1,1.0,1.0,1.0,2.2
surprisingly cute and well made for a cheap costume quite flattering,Positive,Positive,Positive,Positive,Positive,5,5,5,5,5,5.0,5.0,5.0,5.0
he loves them thanks,Positive,Positive,Positive,Positive,Positive,5,5,5,5,5,5.0,5.0,5.0,5.0
the material is thinner than it used to be and after washing it once it shrank a couple inches in length i wont be getting this brand again which is sad because my husband used to love it,Positive,Positive,Neutral,Positive,Positive,5,5,5,3,1,2.2,2.2,2.2,1.6
looks just like the picture,Neutral,Positive,Neutral,Neutral,Positive,3,5,5,3,5,4.4,5.0,5.0,4.4
i have always preferred leather soled shoes and these are great nice looking well made shoes  ive ordered a second pair,Positive,Positive,Positive,Positive,Positive,5,5,5,5,5,5.0,5.0,5.0,5.0
great hat at a reasonable price just what we were looking for,Positive,Positive,Positive,Positive,Positive,5,5,5,5,5,5.0,5.0,5.0,5.0
fit very well very comfortable,Positive,Positive,Positive,Positive,Positive,5,5,5,5,5,5.0,5.0,5.0,5.0
nice shirt,Neutral,Positive,Positive,Positive,Positive,5,5,5,5,5,5.0,5.0,5.0,5.0
hat is just what i neededwanted  fits fine like the stiffer brim which doesnt flop,Positive,Positive,Positive,Positive,Positive,5,5,5,5,5,5.0,5.0,5.0,5.0
good shirt for the price  pintuck pleats are nicely stitched  fabric is not particularly heavy but not bad,Positive,Positive,Positive,Positive,Positive,5,5,5,5,5,5.0,5.0,5.0,5.0
its a little on the thin side but it would serve best as an undershirt rather than as something that would stand alone,Positive,Positive,Positive,Positive,Positive,5,5,5,5,5,5.0,5.0,5.0,5.0
this was perfect for our murder mystery party,Positive,Positive,Positive,Positive,Positive,5,5,5,5,5,5.0,5.0,5.0,5.0
my son has autism and when he seen the movie wonder he wanted a helmet just like the little boy  so we ordered this 1he loves loves it thank u  not cheap made,Positive,Positive,Negative,Positive,Positive,5,5,5,1,5,5.0,5.0,5.0,3.8
a little big like others have stated but they are super cute and give growing room found the materials to be great and the price is good as well,Positive,Positive,Positive,Positive,Positive,5,5,5,5,5,5.0,5.0,5.0,5.0
the quality level of this shirt did not meet expectations  numerous construction flaws in nearly every aspect of the shirt  i returned it and purchased the 100 cotton version with french cuffs also by neil allyn  now this shirt is what i was expecting  for just a little more money the 100 cotton shirt is made well and fit perfectly  i highly recommend you avoid the polycotton shirt and get the 100 cotton version even if you only think you will wear it once  it is worth it,Positive,Positive,Positive,Positive,Positive,5,5,5,5,1,2.2,2.2,2.2,2.2
will work just fine thanks,Neutral,Positive,Positive,Positive,Positive,5,5,5,5,5,5.0,5.0,5.0,5.0
"costume looked good when i got it out of the package
the material is 100 synthetic and a bit see through and it sheds the tassels but i wasnt expecting much from a 20 costume
i would have kept it but the size is way off i ordered the xlarge which is supposed to be size 14  its not
im a size 14 and i could barely fit into it let alone wear it also since the material is 100 synthetic it has no elasticity at all so even if it was my size  its a hassle to put on take off
i had to return it ",Positive,Negative,Positive,Positive,Positive,5,5,1,5,1,2.2,2.2,1.0,2.2
i bought these rings in a size up because i am pregnant and my other set doesnt fit anymore these rings are beautifulso worth the money as far as the rings not looking realyou can tell if you are looking very closely but most people cant tell the difference and that is including my husband,Positive,Negative,Positive,Positive,Positive,5,5,1,5,5,5.0,5.0,3.8,5.0
i wish i could have recorded my granddaughter when she got this helmet  shes going to be an astronaut for halloween  we ordered the rest of the costume and its really really nice we might have a future astronaut on our hands,Positive,Positive,Positive,Negative,Negative,1,1,5,5,5,3.8,3.8,5.0,5.0
fits well and seems it will hold up for the party use i need earing is ok im sure i will remove shortly after arriving to the party i never find anything that clips to my ear comfortable and this is no exception others may find it comfortable for longer wear,Positive,Positive,Positive,Positive,Positive,5,5,5,5,5,5.0,5.0,5.0,5.0
they were too short and i am only 5ft 5 inches  they were not too tight but i could not pull them up  i will give them to my niece,Positive,Neutral,Negative,Positive,Positive,5,5,3,1,3,3.5999999999999996,3.5999999999999996,3.0,2.3999999999999995
handkerchiefs are perfect  service and shipping the best  i highly recommend this vendor working through amazon,Positive,Positive,Positive,Positive,Positive,5,5,5,5,5,5.0,5.0,5.0,5.0
fit is as expected  quality is somewhat disappointing  material in the sleeves and back is very thin and shear  you can basically see through it  also the cuffs are very basic like a regular long sleeve shirt  they are not the fold over cuffs  would not recommend this shirt,Positive,Positive,Negative,Positive,Positive,5,5,5,1,1,2.2,2.2,2.2,1.0
all good,Negative,Positive,Positive,Negative,Negative,1,1,5,5,5,3.8,3.8,5.0,5.0
better than expected my daughter wants this as her halloween costume and i went ahead and bought it when we saw it because things sell out it is much nicer quality than i expected and she is very happy with it it looks adorable,Positive,Positive,Positive,Positive,Positive,5,5,5,5,5,5.0,5.0,5.0,5.0
good,Neutral,Positive,Positive,Positive,Positive,5,5,5,5,5,5.0,5.0,5.0,5.0
it still worked out great it was even warm,Positive,Positive,Positive,Positive,Positive,5,5,5,5,5,5.0,5.0,5.0,5.0
the product arrived in no time and was of great quality it has give me confidence in amaon and would buy from this company again,Positive,Positive,Positive,Positive,Positive,5,5,5,5,5,5.0,5.0,5.0,5.0
these tshirts are a great value have been buying them over the years and find they hold up much better than other brands and purchased through amazon they are a great deal as well,Neutral,Positive,Positive,Positive,Positive,5,5,5,5,5,5.0,5.0,5.0,5.0
great tshirts,Positive,Positive,Positive,Positive,Positive,5,5,5,5,5,5.0,5.0,5.0,5.0
i was hard pressed to find a new pair of shoes for a important trip at the last minute i bought a 200 plus pair of shoes from a brick and mortar store at home found out they would not work cannot find full selection of sizes at those stores anymore found the size i thought i needed on amazon and had rush delivery felt good right away and on trip just got better whew close one thank you amazon,Positive,Positive,Positive,Positive,Positive,5,5,5,5,5,5.0,5.0,5.0,5.0
"this is a beautiful chain i have bought several of them in different lengths i would recommend this chain
to anyone you will not be disappointed",Positive,Positive,Positive,Positive,Positive,5,5,5,5,5,5.0,5.0,5.0,5.0
won first prize at the party,Positive,Positive,Positive,Positive,Positive,5,5,5,5,5,5.0,5.0,5.0,5.0
i have been using this since the last six months just amazing the fabric is great soft and good fit,Positive,Positive,Positive,Positive,Positive,5,5,5,5,5,5.0,5.0,5.0,5.0
very pleased with product would order again even a very easy retun for a different size came on time as promised,Neutral,Positive,Positive,Positive,Positive,5,5,5,5,5,5.0,5.0,5.0,5.0
i read reviews before buying this and everyone said it was horribly large and didnt look like the photo well i found this exact costume at my local halloween store and tried it on i usually wear a medium size shirt dress anything and the medium costume fit perfectly the boots in the photo are available for purchase on amazon but i feel the boot covers that the costume comes with should be shown in the photo they are kindof loose and goofy looking im thinking of buying the knee high socks that look like the boots and wearing those with my red pumps besides the boot covers this costume is exactly what i expected and im happy with my purchase,Neutral,Positive,Positive,Positive,Positive,5,5,5,5,5,5.0,5.0,5.0,5.0
lining in lighter pocket tore within a very short time had to dab a little contact adhesive between lining and leather to hold it in place and stop it bunching and snagging lighter purchased one black one brown black one used most and has no centre seam down front lighter or rear coin pockets brown one has pointless decorative centre seam as usually illustrated front and rear front seam stitching has no reinforcing at lighter pocket opening looks likely to give trouble sooner rather than later leather is good and solid size is spot on for regular 84mm packs of 20 after a little use ok but not the premium product i used to associate with the buxton name many years ago,Neutral,Negative,Positive,Positive,Positive,5,5,1,5,3,3.5999999999999996,3.5999999999999996,2.3999999999999995,3.5999999999999996
im 56 so the boots were too long the belt runs small the rest of the outfit was fine,Neutral,Positive,Positive,Neutral,Positive,3,5,5,5,5,4.4,5.0,5.0,5.0
good shoe fit as expected and looks good i can wear it all day without it pinching my foot i recommend this shoe,Neutral,Positive,Positive,Neutral,Positive,3,5,5,5,5,4.4,5.0,5.0,5.0
just what i expected and more  quality will hold up for years and i look forward to buying more if i need to,Positive,Neutral,Positive,Positive,Positive,5,5,3,5,5,5.0,5.0,4.4,5.0
nice looking costume adaptable to fit over clothes or without,Neutral,Positive,Positive,Positive,Positive,5,5,5,5,5,5.0,5.0,5.0,5.0
its nice and warm i love how soft the fabric feels i never thought buying a new robe would be so hard,Positive,Positive,Positive,Positive,Positive,5,5,5,5,5,5.0,5.0,5.0,5.0
really like the black formal buttons and the pleats on the front of the shirt give a fashionable and formal look the fabric is easy care i compared to other much more expensive shirts  i anticipate not wearing it often but it is excellent quality and fit,Positive,Positive,Positive,Positive,Positive,5,5,5,5,5,5.0,5.0,5.0,5.0
i bought this messenger bag 3 years ago havent had that much of a problem since then really great quality bag,Positive,Positive,Positive,Positive,Positive,5,5,5,5,5,5.0,5.0,5.0,5.0
the skirt honestly looks like a blue star trashbag its terrible the top almost feels like a scratching post the cape and head piece were the best parts of this costume,Negative,Positive,Positive,Negative,Negative,1,1,5,5,1,1.0,1.0,2.2,2.2
i purchased this for granddaughter to protect her when out of doors it looks sweet fits well  i am well pleased with this purchase,Positive,Positive,Positive,Positive,Positive,5,5,5,5,5,5.0,5.0,5.0,5.0
i ordered an xl as a gift but they fit small so i inherited them nice to sleep in comfortable,Positive,Positive,Positive,Positive,Positive,5,5,5,5,5,5.0,5.0,5.0,5.0
love,Positive,Positive,Positive,Positive,Positive,5,5,5,5,5,5.0,5.0,5.0,5.0
i did read the reviews and ordered a larger size and it fit fine  i was worried that it was going to be too short but again with the larger size the hem fell about an inch above the knee  there is not much stretch to it because of rows of fringes i loved the movement of all the fringes it was an excellent bargain,Positive,Positive,Positive,Positive,Positive,5,5,5,5,5,5.0,5.0,5.0,5.0
good quality daily tees,Positive,Positive,Positive,Negative,Negative,1,1,5,5,5,3.8,3.8,5.0,5.0
"i bought these in red and black for my 11 year old daughter to wear as the girl from hotel transylvania she is rough on tights so i didnt rate them significantly lower for the run she got while wearing them to a halloween party indoors and only played video gameswatched movies so she wasnt running around outside

the good part was since she wears a size 2 to 3 juniors jeans for the full backside she has and the jeans are too long these tights fit her without being stretched thin so when the run did happen it was hidden well if she had been adult size i believe theyd have been unusable  for actual halloween",Neutral,Positive,Positive,Neutral,Neutral,3,3,5,5,5,4.4,4.4,5.0,5.0
beautiful chain unbeatable price and very speedy delivery will definitely order through you again thanks for everything ,Positive,Positive,Positive,Positive,Positive,5,5,5,5,5,5.0,5.0,5.0,5.0
the merchandise was beautiful and the shipping was surprisingly quick  id order from them again,Positive,Positive,Positive,Positive,Positive,5,5,5,5,5,5.0,5.0,5.0,5.0
nice and soft feels great and looks great great feature with top button it stretches,Positive,Positive,Positive,Positive,Positive,5,5,5,5,5,5.0,5.0,5.0,5.0
i received the wrong buckle with my belt i ordered the black open face buckle and received a cheap buckle instead the invoice and packing slip were both for the correct buckle however that is not what i received,Positive,Negative,Negative,Positive,Positive,5,5,1,1,1,2.2,2.2,1.0,1.0
most of the time the sound works but on occasion it doesnt  otherwise this is a great costume piece for a 7yo a little big but does fit okay  would also fit an adult,Positive,Positive,Positive,Positive,Positive,5,5,5,5,5,5.0,5.0,5.0,5.0
medium fit like a small on bottom and large on top wasnt too happy with it but i cut it up and fixed it to fit correctly,Positive,Positive,Positive,Positive,Positive,5,5,5,5,1,2.2,2.2,2.2,2.2
all good,Positive,Positive,Positive,Positive,Positive,5,5,5,5,5,5.0,5.0,5.0,5.0
my son loves to play dress up and loves space so i had to try this out we bought it the boots and gloves to go along wthe actual costume when he was 4 for christmas its cute but pretty cumbersome doesnt sit still on the shoulders bc nothing is holding it on but still fun little sister likes it too it has a button that says stuff and the visor opens at the push of a button thought that was pretty cool for dressup its fine but probably wouldnt be fun to wear all night for halloween as it would just bounce around uncomfortably while they ran from house to house,Positive,Positive,Positive,Positive,Positive,5,5,5,5,3,3.5999999999999996,3.5999999999999996,3.5999999999999996,3.5999999999999996
before being washed they were on the large side after going through the dryer on mediumpermanent press they were too small and a little misshapen i would not buy these again or would air dry them if necessary,Positive,Neutral,Negative,Positive,Positive,5,5,3,1,1,2.2,2.2,1.6,1.0
looks and fits great and came two weeks early love,Negative,Positive,Positive,Negative,Positive,1,5,5,5,5,3.8,5.0,5.0,5.0
i dont like it at all and i return to amazon without any heisitate,Positive,Negative,Neutral,Negative,Negative,1,1,1,3,1,1.0,1.0,1.0,1.6
awesome hatslove them for the hot weather we are having,Positive,Positive,Positive,Positive,Positive,5,5,5,5,5,5.0,5.0,5.0,5.0
following the advise of other reviewers i ordered one size larger than the measurements called for and it fits great  there is no flexibility through the hip but for the price the construction is great,Negative,Positive,Positive,Neutral,Negative,3,1,5,5,5,4.4,3.8,5.0,5.0
this ring is supposed to be adjustable but i needed pliers to make it a little smaller but that is my only complaint ive gotten many compliments on it the stones are beautiful and the same colors as shown in the photo it also goes with everything,Positive,Positive,Positive,Positive,Positive,5,5,5,5,5,5.0,5.0,5.0,5.0
look just as pictured redblack but the one size was smaller than expected they may fit someone size 10 and under overall not bad other than the fit for the price paid,Neutral,Positive,Positive,Negative,Negative,1,1,5,5,3,2.3999999999999995,2.3999999999999995,3.5999999999999996,3.5999999999999996
fun and different,Positive,Positive,Positive,Positive,Positive,5,5,5,5,5,5.0,5.0,5.0,5.0
"i ordered this item for a trip i was going on where i needed a hat that not only blocked the sun but was cool as well  the item showed in stock  several days later i was notified the item was on back log until the 17th  i contacted the vendor and asked them if they could expedite the shipment with the vendor something i do routinely with my customers  i was told theyd try  i contacted their vendor who told me they would be shipping the items to sportsman on the 13th  i contact sportsman indicating i would be leaving on the 21st and needed the item delivered the 20th and if they couldnt promise that delivery to cancel the order if it hadnt shipped by the 17th

on the evening of the 17th they called and asked if i still wanted the item  yes but i need it the 20th  no problem   today i get a shipment notice indicating the item will be delivered the 23rd 2 days after i leave  i dont know if ill get the item before i leave but to pay 30 of the items cost and be told they cannot expedite the freight after they advertised it as a stock item is poor service based upon the support ive received im not sure ill be a return customer

disappointed with amazon and sportsman for not factually indicating the stock status of item  i understand that their computer systems may not be up to date but you dont find that out until after you place your order and honestly i have had good experiences with amazon until now  but with this vendor the experience has been less than what i expect from amazon on an item that was ordered almost 2 weeks before i needed it",Positive,Positive,Negative,Positive,Positive,5,5,5,1,1,2.2,2.2,2.2,1.0
bought this for my 4 and 2 year olds they love them they seem sturdy enough that theyll get several years of play out of them im an averagesized guy and i can fit it on my head pretty comfortably,Positive,Positive,Positive,Positive,Positive,5,5,5,5,5,5.0,5.0,5.0,5.0
"could not have gotten a better deal it has been working for the last 2 months very quite i leave it in the bedroom cant beat the price

recommended for those automatic watch lovers you can buy 4 of these for the price of an others model",Positive,Positive,Positive,Positive,Positive,5,5,5,5,5,5.0,5.0,5.0,5.0
used for a halloween costume and fit perfectly im 50 and it was right at my knees which is what i wanted,Positive,Positive,Positive,Positive,Positive,5,5,5,5,5,5.0,5.0,5.0,5.0
i love my costume it is exactly what i wanted sexy yet elegant and not slutty looking but fun and out of the ordinary for a perfect halloween celebration  i follow the other reviewers and bought a size larger than i normally wear i am 52 and 160 lb because the reviews stated that it run small and kind of thigh on the hips area and my size xlarge fits fine maybe a tad loose on the hips but then again i am not big on the hipsbutt area  it also might be a bit long for some people it hits right above my knee nothing like the model on the picture but i am 52  but i think that for me it is what i should wear it could be easily shortened if need and i am still debating if i should just do that i really like my new costume,Positive,Positive,Positive,Positive,Positive,5,5,5,5,5,5.0,5.0,5.0,5.0
i bought the extra small for my wife who is 411 and the length is good  this is a very thick and soft robe shes happy so im happy,Positive,Positive,Positive,Positive,Positive,5,5,5,5,5,5.0,5.0,5.0,5.0
two things these were indeed green and white  i wasnt sure since the picture showed black and white but they are the correct colors  secondly they are great quality but they are a bit short  i am 57 with what i consider short legs and they are too short i can make it work but wish they were longer,Negative,Positive,Positive,Negative,Negative,1,1,5,5,3,2.3999999999999995,2.3999999999999995,3.5999999999999996,3.5999999999999996
it was a gift and the recipient loves it,Positive,Positive,Neutral,Positive,Positive,5,5,5,3,5,5.0,5.0,5.0,4.4
for the price cannot be beat  a good set for spring summer rides,Negative,Positive,Positive,Negative,Negative,1,1,5,5,5,3.8,3.8,5.0,5.0
adorable but definitely looks large,Neutral,Positive,Positive,Neutral,Positive,3,5,5,5,5,4.4,5.0,5.0,5.0
"loved these they fit just fine and were super cute
my only gripe is that they ran in the heel after a couple hours of wear",Positive,Positive,Positive,Positive,Positive,5,5,5,5,5,5.0,5.0,5.0,5.0
quality good but i should have bought a medium strange i bought a long sleeve large ck in the same purchase and and it fits perfect,Positive,Positive,Positive,Positive,Positive,5,5,5,5,3,3.5999999999999996,3.5999999999999996,3.5999999999999996,3.5999999999999996
super cute fit as expected,Negative,Positive,Positive,Positive,Positive,5,5,5,5,5,5.0,5.0,5.0,5.0
love the hat should have got next size smaller,Positive,Positive,Positive,Positive,Positive,5,5,5,5,5,5.0,5.0,5.0,5.0
cheap junk not worth it,Neutral,Negative,Positive,Negative,Negative,1,1,1,5,1,1.0,1.0,1.0,2.2
"this is perfect fits perfectly the sizing chart is accurate
the tassels are great and the dress does actually come with a headband with feather too
also arrived on the day that amazon stated ",Positive,Positive,Positive,Positive,Positive,5,5,5,5,5,5.0,5.0,5.0,5.0
im average height and wasnt able to sit down all night because the dress was so short i had to dig out some old fishnets to wear to help remedy the situation also if your breasts are larger than average the fringe wont cover all of it but i hid it easily with a boa,Positive,Positive,Positive,Positive,Positive,5,5,5,5,3,3.5999999999999996,3.5999999999999996,3.5999999999999996,3.5999999999999996
cute tights and they feel nice only problem i have is the size once it reaches my upper thighs its a battle to get them to cover my butt,Positive,Positive,Positive,Positive,Positive,5,5,5,5,3,3.5999999999999996,3.5999999999999996,3.5999999999999996,3.5999999999999996
too tall but i folded down one pleat and it worked just fine,Negative,Positive,Positive,Positive,Positive,5,5,5,5,3,3.5999999999999996,3.5999999999999996,3.5999999999999996,3.5999999999999996
great quality tshirt  long enough to stay tucked in and thicker cotton than the cheaper competitors,Positive,Positive,Positive,Positive,Positive,5,5,5,5,5,5.0,5.0,5.0,5.0
i bought this for myself  i am a size 1012 and 36c  the large is way too big  it puckers on the side of the bodice and the chest is very loose fitting the top has elastic in the back so it would probably stretch to fit a size 14 the skirt has a lot of gathers making my bottom half appear larger than it is but the belt fits snugly with the velcro matching up  the boot covers are a tad snug on my calves so they will stay up  the headband fits and is nicely subtle  the armbands are fine although probably hot as they are made of a rubbery vinyl  i will have to have this altered to wear it,Negative,Positive,Positive,Positive,Positive,5,5,5,5,3,3.5999999999999996,3.5999999999999996,3.5999999999999996,3.5999999999999996
we bought these for my son and he absolutely loves them he wears them everywhere,Positive,Positive,Positive,Positive,Positive,5,5,5,5,5,5.0,5.0,5.0,5.0
i purchased some awesome boots made with a really soft italian leather that i didnt want to crease by just letting them flop in my closet  i researched all the options for inexpensive yet effective boot trees and chose boot shapers perfect  easy to use if you compress them in the right spot and they hold my boots in perfect shape,Positive,Positive,Positive,Positive,Positive,5,5,5,5,5,5.0,5.0,5.0,5.0
im a little peeved because parts of the costume stuck together and took the color off when i pulled it apart the tissue paper also stuck on the tiara star and wont come off,Negative,Negative,Negative,Negative,Negative,1,1,1,1,1,1.0,1.0,1.0,1.0
very pleased,Positive,Positive,Positive,Positive,Positive,5,5,5,5,5,5.0,5.0,5.0,5.0
too tiny an opening,Negative,Neutral,Neutral,Negative,Positive,1,5,3,3,1,1.0,2.2,1.6,1.6
i read the reviews that you should order a size up and im so happy i need i generally wear a size small so the medium was the better choice it is a bit of a short skirt im 57 so keep that in mind when planning on sitting much while wearing it otherwise its a great inexpensive costume with a cute feathered headband,Positive,Positive,Positive,Positive,Positive,5,5,5,5,5,5.0,5.0,5.0,5.0
beloved tights,Positive,Positive,Positive,Positive,Positive,5,5,5,5,5,5.0,5.0,5.0,5.0
this was an absolute great buy i purchased it for my father to put a cross on when we got it not only was it the perfect length it matched the dazzle of the cross he wears it everyday and really loves it it is a truly quality product and dealing with the seller was an enjoyable experience,Positive,Positive,Positive,Positive,Positive,5,5,5,5,5,5.0,5.0,5.0,5.0
this ring is awesome i wear the ring on my index finger and it fits great comfortable ring,Positive,Positive,Positive,Positive,Positive,5,5,5,5,5,5.0,5.0,5.0,5.0
my son loves his helmet its cool im not sure 35 dollars cool because it seems cheaply made the out fit together looks pretty neat though it fits him fine hes an average sized 7 year old boy,Positive,Positive,Positive,Positive,Positive,5,5,5,5,5,5.0,5.0,5.0,5.0
i ordered the xl because i was between sizes  the l probably would have been a better fit but i will stay with this size,Positive,Positive,Positive,Positive,Positive,5,5,5,5,5,5.0,5.0,5.0,5.0
great hat for a great price  comfortable and good sun protection,Positive,Positive,Positive,Positive,Positive,5,5,5,5,5,5.0,5.0,5.0,5.0
got this for my nine year old last year for his astronaut costume and is still going strong this year good investment the glass part is also cute because he can pop it up with a button on the side of the helmet by the joint you have to manually close it still very roomy inside and can fit my big headed 14 year old sufficiently also,Positive,Positive,Positive,Positive,Positive,5,5,5,5,5,5.0,5.0,5.0,5.0
i am long in the torso and this tshirt is shorter than size large by some other brands  its too skimpy for me but if it were 2 longer id buy more because otherwise its a good shirt,Positive,Positive,Positive,Positive,Positive,5,5,5,5,1,2.2,2.2,2.2,2.2
its a little bit big,Positive,Neutral,Negative,Positive,Positive,5,5,3,1,5,5.0,5.0,4.4,3.8
i like the way the shirt fit being that i am a taller guy my shirt fit as if were tailored just for me thanks for such a great product it getting harder and harder to find what you are actually looking for nowadays i will shop here again,Positive,Positive,Positive,Positive,Positive,5,5,5,5,5,5.0,5.0,5.0,5.0
perfect for the wedding i attended good quality washed and ironed well,Negative,Positive,Positive,Neutral,Positive,3,5,5,5,5,4.4,5.0,5.0,5.0
the seller was courteous and prompt and when i suggested that the shipping cost was too high they graciously lowered it however the balaclavas i received were not silk the tag on the inside clearly stated that they were 100 cotton perhaps i was shipped the wrong item but sellers shouldnt misrepresent products like that if id complained to the seller i feel confident that they would have refunded my money but these were for halloween costumes which turned out just fine so i didnt have time to deal with returns and such,Neutral,Positive,Positive,Negative,Negative,1,1,5,5,3,2.3999999999999995,2.3999999999999995,3.5999999999999996,3.5999999999999996
the shoes arrived just when i started my christmas vacation so my first chance to wear them was for christmas mass  i worried that being new they would hurt my feet but the leather broke in very gently and they felt great  i have been getting these shoes for years so i knew my correct size especially with the width otherwise i would never buy shoes wo first trying them  i look forward to years of happy wear,Positive,Positive,Positive,Positive,Positive,5,5,5,5,5,5.0,5.0,5.0,5.0
the shoes look like cheap plastic they are also very hard and uncomfortable  they cut into the ankle bones the tongs are too long and cut into the foot,Positive,Negative,Negative,Positive,Positive,5,5,1,1,1,2.2,2.2,1.0,1.0
i have been looking for this particular style of birkenstock for over two years  i already own a pair just like this and unfortunately they got wet so they dont look new anymore  i was so happy to find them  they are the most comfortable shoes i have ever owned  i have flat feet and most shoes arent very easy to wear for a very long period of time  i can wear these all day and not only do my feet not hurt but my back doesnt either  this was a great find,Positive,Positive,Positive,Positive,Positive,5,5,5,5,5,5.0,5.0,5.0,5.0
i am a size 18 and this was perfect with just al little bit of extra wiggle room  it was a big hit at a halloween party and i must say it was pretty comfortable,Positive,Positive,Positive,Positive,Positive,5,5,5,5,5,5.0,5.0,5.0,5.0
good,Positive,Positive,Positive,Positive,Positive,5,5,5,5,5,5.0,5.0,5.0,5.0
very comfortable shirts,Positive,Positive,Positive,Positive,Negative,5,1,5,5,5,5.0,3.8,5.0,5.0
i am a size 6 currently and it was short and a bit tight but it looked awesome,Positive,Positive,Positive,Positive,Positive,5,5,5,5,5,5.0,5.0,5.0,5.0
nice to wear under dark shirts and can pass as a polo shirt in a pinch very good construction and stitching which is appreciated as some off brands with lower prices cant stand the test of time or multiple washes in the end quality is less expensive as you dont have to replace shirts as often due to separated seams or fraying at the v point in the shirt,Positive,Positive,Positive,Positive,Positive,5,5,5,5,5,5.0,5.0,5.0,5.0
i think the hat was a nice quality especially for the price  i was disappointed that it took a little longer than i expected for it to arrive  and i ordered a size smaller because most of the reviews i read said that it ran small  it definitely did not run small  i had to return it because it was way too small  i would say that it actually ran very true to size based on my experience,Positive,Positive,Negative,Positive,Positive,5,5,5,1,5,5.0,5.0,5.0,3.8
the kit is very sturdy and looks good the only complaint is it is too sturdy and isnt flexible for odd shaped items,Positive,Positive,Positive,Positive,Positive,5,5,5,5,5,5.0,5.0,5.0,5.0
"it is difficult to find calvin klein xl shirts around here and the larges are a bit too short for my tall boyfriend these fit great and are true to ck quality however i ordered the 3pack with darker grey and blue and i received black white and light gray that is my only complaint about this order other than that it was a great buy
if i had received colors ordered i would rate 5 stars",Positive,Positive,Positive,Positive,Positive,5,5,5,5,3,3.5999999999999996,3.5999999999999996,3.5999999999999996,3.5999999999999996
this is a nice set however like others said it does run big i wear size xl or 16 this plus size run so big that the top are too big for me i have to return it for the size issue otherwise it is pretty good set the dress is longer than it should be but not everyone is model figure to wear mini skirt,Positive,Positive,Positive,Positive,Positive,5,5,5,5,5,5.0,5.0,5.0,5.0
the one size fits all size description said 90160 pounds and i am well within that range and 58  they were way too short  the crotch was halfway to my knees  i then cut the feet out thinking i might still be able to wear them with boots  but they were much too tight in the waist to wear comfortably or sit down during my efforts to get them on they ran and i threw them away  dont waste your money unless youre very petite,Positive,Positive,Positive,Positive,Positive,5,5,5,5,1,2.2,2.2,2.2,2.2
was good quality and got perfectly we ordered a 16 collar in 3233 sleeve was excellent,Positive,Positive,Positive,Positive,Positive,5,5,5,5,5,5.0,5.0,5.0,5.0
i typically buy black and whil ck ts because of the fit and how well they wearlast but the colored ts are average cotton ts at bestincluding shrinkage,Positive,Positive,Negative,Neutral,Positive,3,5,5,1,1,1.6,2.2,2.2,1.0
i am a size 12 the body of the costume was super stretchy and loose it was comfy but it didnt look as cute as i wanted it too,Positive,Negative,Positive,Positive,Positive,5,5,1,5,3,3.5999999999999996,3.5999999999999996,2.3999999999999995,3.5999999999999996
i ordered this bases off the reviews they were helpful but i should have never ordered this item this is great if short skirts are what you like im a pear shape and this doesnt help out either im much smaller on top im a med on the bottom and a small up top so over all the skirt was to short for my taste and i just didnt have enough upstairs to hold the darn thing up,Positive,Positive,Positive,Positive,Positive,5,5,5,5,3,3.5999999999999996,3.5999999999999996,3.5999999999999996,3.5999999999999996
"these are great shoes when my son outgrew them i grabbed them and that was a few years ago i am a large woman with wide feet and womens shoes just arent made as well as mens these fit great feel great and wear extremely well im pretty rough on my shoes and with no care im lazy they still look great i like the way they look the only wear i see is on the soles but they are very longlasting so i will probably be wearing them another 5  10 years they arent cheap but you get what you pay for in the long run they are a real bargain and when it comes to your feet comfort durability and common sense wins

another reviewer mentioned a squeak  mine dont squeak at all in fact thats one reason i wear them at work my sneakers squeak terribly

i also dont notice any leakage when i trek around in the rain and snow

i love them",Positive,Positive,Positive,Positive,Positive,5,5,5,5,5,5.0,5.0,5.0,5.0
this anklet was a good fit just enough stretch nice sparkle i would buy it again,Positive,Positive,Positive,Positive,Positive,5,5,5,5,5,5.0,5.0,5.0,5.0
i love the costume  it was not sized properly they were cut really small the sizing chart was not accurate,Positive,Positive,Positive,Positive,Positive,5,5,5,5,5,5.0,5.0,5.0,5.0
this frog was so small and very cute but it was totally uncomfortable ive had others before that i lost in the years but ordering this one was a mistake it hurt soooooo badly and putting it on was always hard finally it just broke dont bother find a different frog,Positive,Negative,Negative,Positive,Positive,5,5,1,1,3,3.5999999999999996,3.5999999999999996,2.3999999999999995,2.3999999999999995
so good i got pack for myself im a small girl and my bf hes medium looks sexy as fff,Negative,Positive,Positive,Positive,Positive,5,5,5,5,5,5.0,5.0,5.0,5.0
i have tried all the other brands  fruit of the loom hanes dkny etc and the ck shirts are the best quality period,Positive,Positive,Positive,Positive,Positive,5,5,5,5,5,5.0,5.0,5.0,5.0
perfect and durable i love the look and feel of this case i have purchased two different colors and considering a third love it,Positive,Positive,Positive,Positive,Positive,5,5,5,5,5,5.0,5.0,5.0,5.0
i got this necklace for my autistic daughter who is extremely hard on her jewelry  this is a beautiful and sturdy necklace without having to double reinforce to prevent breakage with a different clasp  clasp and nedklace still intact beautiful quality and great price,Positive,Positive,Positive,Positive,Positive,5,5,5,5,5,5.0,5.0,5.0,5.0
got these to wear with my winifred sanderson costume  i am 55  150lbs and they fit just fine,Positive,Positive,Positive,Positive,Positive,5,5,5,5,5,5.0,5.0,5.0,5.0
daughter wore this for a costume  it was really pretty,Positive,Positive,Positive,Positive,Positive,5,5,5,5,5,5.0,5.0,5.0,5.0
excellent accesories for my husbands naughty pirate costume  we had such fun with it  thanks a bunch  dunno what else to say,Positive,Positive,Positive,Positive,Positive,5,5,5,5,5,5.0,5.0,5.0,5.0
excelente,Positive,Neutral,Neutral,Positive,Positive,5,5,3,3,5,5.0,5.0,4.4,4.4
i bought these for a sexy costume i intend to wear this year and i was not disappointed the product came brandnew and sealed with no damage to either sock theyre wrinkly from being packaged but you can easily remedy that by letting them sit out for awhile before use they breathe very well and are sheer like pantyhose so you shouldnt have a problem with wearing footwear also they were cheaper here and they came pretty fast i would recommend this product and seller ,Positive,Positive,Positive,Positive,Positive,5,5,5,5,5,5.0,5.0,5.0,5.0
"pres of cowear dress shirts and ties every day
shirt fit greatbut wrinkled fast than any shirt ive ever seen  will keep for only special occasions",Negative,Positive,Positive,Positive,Positive,5,5,5,5,1,2.2,2.2,2.2,2.2
hard to find tshirt glad its back in stock been searching for almost 3 years to find this shirt shirt runs true to size,Positive,Positive,Positive,Positive,Positive,5,5,5,5,5,5.0,5.0,5.0,5.0
needed a dress for a casino night  it fit very well and looked great  the only concern  some of the fringe came off  not a major problem,Positive,Positive,Positive,Positive,Positive,5,5,5,5,5,5.0,5.0,5.0,5.0
its crap i wish i could give it no stars def was not the item pictured it was a completely diff version of the costume also the costume pictured fit me perfect in a size small the one i received however was too small too short and mostly just disappointing no boot covers either ending up selling it to a teenager to try and get some of what i paid back,Neutral,Negative,Positive,Neutral,Neutral,3,3,1,5,1,1.6,1.6,1.0,2.2
very happy with the purchase i read the reviews and there was one common suggestion order a size smaller im 6ft and 170lbs i wear medium and occasionally a large but for this i ordered a small i like my undershirts to be just a bit snug and the small was perfect for me,Positive,Positive,Positive,Positive,Positive,5,5,5,5,5,5.0,5.0,5.0,5.0
a nice hatband to dress up my favorite old hat it dresses the hat up nicely but pay attention the attachment pins actually hooks are very sharp in spite of knowing this i managed to hook the heel of my handdooh it came in on time and was just as described,Negative,Positive,Positive,Positive,Positive,5,5,5,5,5,5.0,5.0,5.0,5.0
purchased for my eight grade daughter to carry her textbooks etc  the elefunk messenger bag is plenty roomy for her needs  she did not want the traditional backpack and this bag fit the bill as it is nearly the same size as the big student backpack,Positive,Positive,Positive,Positive,Positive,5,5,5,5,5,5.0,5.0,5.0,5.0
great,Positive,Positive,Positive,Positive,Positive,5,5,5,5,5,5.0,5.0,5.0,5.0
wellmade   still new  so it will be much better after fewmore days,Positive,Positive,Positive,Positive,Positive,5,5,5,5,5,5.0,5.0,5.0,5.0
very cute white socks i only got one pair very soft and comfortable i might buy more cause theyre so soft,Positive,Positive,Positive,Positive,Positive,5,5,5,5,5,5.0,5.0,5.0,5.0
very nice robe,Positive,Positive,Positive,Positive,Positive,5,5,5,5,5,5.0,5.0,5.0,5.0
good quality shirts the sizing wasnt right that happens a lot with different manufacturers over all great i just sent them back reccoment ordering one size smaller than youd normally wear if you are fit and like shirts that look good on you and not baggy,Negative,Positive,Positive,Negative,Positive,1,5,5,5,5,3.8,5.0,5.0,5.0
i bought this for a relative of mine i havent seen it as i sent it to her in another state but she said that she really likes it is very happy with it its just what she wanted  it is made very well,Positive,Positive,Positive,Positive,Positive,5,5,5,5,5,5.0,5.0,5.0,5.0
cheap and small and they didnt let me return it no thanks,Positive,Negative,Positive,Positive,Positive,5,5,1,5,1,2.2,2.2,1.0,2.2
this chain is beautiful and i was thrilled to find a 22 length as it is not commonly found in stores  i plan to use it to hold a charm holder and charms which i havent been able to wear for some time because i couldnt find the length i wanted,Positive,Positive,Positive,Positive,Positive,5,5,5,5,5,5.0,5.0,5.0,5.0
would have sent this back after first use but i got something on it  i like things organized and this didnt work well for that at all  strap is terrible and uncomfortable but since it is sewn on you cant replace it  guess im just not a messenger bag kind of guy,Positive,Negative,Negative,Positive,Positive,5,5,1,1,1,2.2,2.2,1.0,1.0
daughter loves it  she prefers the way it feels and carries vs a backpack and its very stylish,Neutral,Positive,Positive,Positive,Positive,5,5,5,5,5,5.0,5.0,5.0,5.0
this ring was well worth the price it has a lovely shine and fits true to size it is a very light thin ring so it you want something heavy with a thicker consistency to the metal this may not be for you but as i said it is well worth the price im very pleased,Positive,Positive,Positive,Positive,Positive,5,5,5,5,5,5.0,5.0,5.0,5.0
good qualityon time,Positive,Positive,Positive,Positive,Positive,5,5,5,5,3,3.5999999999999996,3.5999999999999996,3.5999999999999996,3.5999999999999996
i had a dopp kit in the early 70s when i was a teenager and somehow lost track of it  after wearing out the plastic travel bag ive had since then i wanted to go back to the classic dopp  the admiral did not disappoint  its a great travel companion  the sides are a nice soft leather the bottom a vinyl which is appropriate given that the bag will be placed on wet countertops  the standup top stays open for easy retrieval of essentials then securely snaps shut the bag is closed by a heavyduty zipper  inside the bag is a waterresistant liner with one side pocket for small items the admiral dopp is really lightweight but very well made and stows nicely in an overnight bag  a handsome highquality timeless design  its a pleasure when the small things in life work well,Positive,Positive,Positive,Positive,Positive,5,5,5,5,5,5.0,5.0,5.0,5.0
the fit is fine but the neck flap is very rigid and thick ventilation is pretty good but the flap is very stiff,Positive,Positive,Positive,Positive,Positive,5,5,5,5,3,3.5999999999999996,3.5999999999999996,3.5999999999999996,3.5999999999999996
got this costume for my daughter 58 180lbs  bought the medium had to be taken in by a seamstress about 1 12 inches from each side  the material is elastic and feels a little flimsy but for a couple of wears itll do fine  top feels velvety skirt plastic  beautiful lively colors ordered prime and got it in four days  skirt was decent length for such a tall girl but since the material from this part is so flimsy shell probably wear it with some kind of shortshorts in case it rips of the wind gets a hold of it  overall a bit expensive judging from the quality of the materials its made from but happy with the colors length of the skirt and the fact that it doesnt dive and show too much cleavage,Positive,Positive,Positive,Positive,Positive,5,5,5,5,5,5.0,5.0,5.0,5.0
i took everyones advice and ordered a size up and im happy with how it fits  cant wait for halloween,Positive,Positive,Positive,Positive,Positive,5,5,5,5,5,5.0,5.0,5.0,5.0
great hat,Positive,Positive,Positive,Positive,Positive,5,5,5,5,5,5.0,5.0,5.0,5.0
excellent belt that wont slip once it is fastened  there is enough length to fit any waist and easily cut to your size  not fancy but built to take it and last,Positive,Positive,Positive,Positive,Positive,5,5,5,5,5,5.0,5.0,5.0,5.0
super fun got lots of compliments very bright definitely runs large id normally get an xl in offtherack costumes but after reading the reviews i got a large and even that was a bit roomy but i worked with it because a medium would probably have been too small wore a boned corset underneath necessary as the bodice has no real structurejust an elasticized pull up but i was going to wear the corset anyway so that worked fine for me cape is a bit tight around the neck as some have said but wore it all night and it was okay boot covers were loose and didnt stay up very well but made it work with some wardrobe tape only thing that didnt work at all were the armbandsthey are huge ha ha so ridiculously large so i just did without them but overall it was a big success bright and fun and lots of impact the hit of the evening,Negative,Positive,Positive,Positive,Positive,5,5,5,5,5,5.0,5.0,5.0,5.0
my wife loves the robes fit and softness,Positive,Positive,Positive,Positive,Positive,5,5,5,5,5,5.0,5.0,5.0,5.0
she shirt is a great price but was very large on my fiance he wears an 185 neck 3435 sleeve normally but this selection was far too large for him its a good price though,Positive,Positive,Positive,Positive,Positive,5,5,5,5,1,2.2,2.2,2.2,2.2
the chain arrived quickly and was packaged nicely it is very pretty and strong i am quite happy with my purchase,Positive,Positive,Positive,Positive,Positive,5,5,5,5,5,5.0,5.0,5.0,5.0
sexy and cute all in one and she loves them,Positive,Positive,Positive,Positive,Positive,5,5,5,5,5,5.0,5.0,5.0,5.0
i am 511 and 160 pounds and a medium which should have fit was too big small fit great though,Negative,Positive,Positive,Negative,Negative,1,1,5,5,5,3.8,3.8,5.0,5.0
"i received my mens v creeper 509 today and was blown away the service and quality i experienced was superb the customer service rep was fantastic  i will definitely buy another pair of shoes in the immediate future

thank you",Positive,Positive,Positive,Positive,Positive,5,5,5,5,5,5.0,5.0,5.0,5.0
okay i just got these and slipped them right into my boots and they are keeping the shape  i dont think this was hard at all to figure out  i love them plus they are a great value im definitely going to buy another pack of three they even come with a little hanger if you have hanging space in a huge closet i dont have that luxury right now  great product great value easy breezy,Positive,Positive,Positive,Positive,Negative,5,1,5,5,5,5.0,3.8,5.0,5.0
after reading the reviews and realizing that this is probably sized according to asian measurement standards i found it extremely fortunate to buy two sizes bigger than what i normally wear other than that this thing is rockin,Positive,Positive,Positive,Positive,Positive,5,5,5,5,5,5.0,5.0,5.0,5.0
covers ears mesh helps keep cool,Positive,Positive,Positive,Positive,Positive,5,5,5,5,5,5.0,5.0,5.0,5.0
large for me also  no star rating,Negative,Negative,Positive,Neutral,Positive,3,5,1,5,1,1.6,2.2,1.0,2.2
this was actually better than expected i am a size 16 55 and the large fit great except it was a little big in the bust area the material is thick enough on top that i can wear it without a bra and it still looks fine the only thing is the boot covers like i read on here they dont stay up and i will probably just not wear them i think they will get the picture without them overall worth the price i think got it for a superhero themed 30th,Neutral,Positive,Positive,Negative,Negative,1,1,5,5,5,3.8,3.8,5.0,5.0
my husband likes his dopp kit  it stays open while he uses it,Positive,Positive,Neutral,Positive,Positive,5,5,5,3,5,5.0,5.0,5.0,4.4
would have preferred in wing collar,Negative,Neutral,Neutral,Positive,Positive,5,5,3,3,5,5.0,5.0,4.4,4.4
good quality,Positive,Positive,Positive,Positive,Positive,5,5,5,5,3,3.5999999999999996,3.5999999999999996,3.5999999999999996,3.5999999999999996
i am barely a size three and some parts were too small and other parts were too big the material felt really cheap and this was too expensive when i bought it for it to be made from bad materials,Positive,Negative,Negative,Positive,Positive,5,5,1,1,3,3.5999999999999996,3.5999999999999996,2.3999999999999995,2.3999999999999995
great shoes fits good and comfortable,Positive,Positive,Positive,Positive,Positive,5,5,5,5,5,5.0,5.0,5.0,5.0
"this item looked like the perfect replacement for my worn out double wide card holder all reviews were good wellno longer i have two problems that make this item unusable for me

1 the height dimension is just a hair bigger than my old insert this means the new one extends a bit above andor below the wallet dimension  and

2 the reason for this extra height is that the cards insert from the top rather than from the inside protected end of the card sleeves this means that if you drop the wallet the upper stack of cards could easily come shooting out nothing to stop them

not a good design in my opinion",Negative,Positive,Positive,Neutral,Negative,3,1,5,5,1,1.6,1.0,2.2,2.2
does not cover my neck and sides from the sun as i thought it would but a nice hat,Positive,Positive,Positive,Positive,Positive,5,5,5,5,5,5.0,5.0,5.0,5.0
high quality  good fit and exactly what i expected and needed  would definitely recommend,Positive,Positive,Positive,Positive,Positive,5,5,5,5,5,5.0,5.0,5.0,5.0
disappointed to find that the order did not contain bracelets and tiara that were listed in product description  will be returning,Negative,Negative,Negative,Positive,Positive,5,5,1,1,1,2.2,2.2,1.0,1.0
if looking for an inexpensive but really quite cute halloween costume this is a good choice im normally a small and the medium fit me perfectly so i would say size up for sure,Positive,Positive,Positive,Positive,Positive,5,5,5,5,5,5.0,5.0,5.0,5.0
love these i am going to order another pack to keep in work someone including myself is always losing the back to an earring  i dont understand why all fish hook earrings dont have them  just wish that they were a tiny bit longer  ,Positive,Positive,Positive,Positive,Positive,5,5,5,5,5,5.0,5.0,5.0,5.0
great style performance and fit  a little pricy from this vendor but delivery was as expected,Positive,Positive,Positive,Positive,Positive,5,5,5,5,5,5.0,5.0,5.0,5.0
nice fit and texture a classic package with ck brand on it,Neutral,Positive,Positive,Neutral,Negative,3,1,5,5,5,4.4,3.8,5.0,5.0
its fit,Positive,Positive,Positive,Positive,Positive,5,5,5,5,5,5.0,5.0,5.0,5.0
did not ship advertised product but did ship a substitute knock off that did not fit,Negative,Negative,Negative,Negative,Negative,1,1,1,1,1,1.0,1.0,1.0,1.0
"i ordered this dress a size up xl when i normally wear a 1012 and it fits perfectly im 55 and 36d so if youre about that size do not order the large it will not fit you unless you have no hipsbutttummy

i was immediately impressed with the quality of this costume i had previously tried on similar flapper dresses at the halloween store in town for twice the price and this one has some weight to it i can see it lasting many years it also looks fantastic once you start dancing the fringe is so cool

definitely worth the price",Positive,Positive,Positive,Positive,Positive,5,5,5,5,5,5.0,5.0,5.0,5.0
i prefer the original inserts but hard to get even with this vendor i get a couple different makes every time i order and theyre ok but dont last a long time too bad oh well,Positive,Negative,Negative,Positive,Positive,5,5,1,1,3,3.5999999999999996,3.5999999999999996,2.3999999999999995,2.3999999999999995
its not very goodlarge,Positive,Neutral,Negative,Positive,Positive,5,5,3,1,5,5.0,5.0,4.4,3.8
bought this for my grandson after that debunkle of buying the trailmaker and this one is no match  my grandson loves this and he is the envy of his classmates great bag great style and great look,Negative,Positive,Positive,Positive,Positive,5,5,5,5,5,5.0,5.0,5.0,5.0
fits the bill perfectly i had a camisole like this and i just about wore it out i didnt have high hopes id be able to find one that i would like just as much i think this one will prove to be terrific it has just the right amount of paddingnot too much and not too little just enough to add a bit to make my blouses and tops fit better im happy and am thinking about ordering another one as well as checking out what else i can buy from the same seller 5 stars for sure,Negative,Positive,Positive,Negative,Negative,1,1,5,5,5,3.8,3.8,5.0,5.0
not what i excepted keeps falling off,Neutral,Negative,Neutral,Positive,Positive,5,5,1,3,1,2.2,2.2,1.0,1.6
i ordered 2 same brand same shirt same size different colors white and black black fits perfect white is way too big how do i understand that,Positive,Positive,Positive,Negative,Negative,1,1,5,5,1,1.0,1.0,2.2,2.2
fits great smooth transaction thank you,Positive,Positive,Positive,Positive,Positive,5,5,5,5,5,5.0,5.0,5.0,5.0
love this dress but size up i ordered according to their size charts and this fit like a sausage casing,Positive,Positive,Positive,Positive,Positive,5,5,5,5,5,5.0,5.0,5.0,5.0
i bought this chain for a present  it shipped and was received way before i expected  it is sturdy and very nice for a man or woman,Positive,Positive,Positive,Positive,Positive,5,5,5,5,5,5.0,5.0,5.0,5.0
"amazon sent me a xs when i ordered a s and did not have the correct size in stock so i purchased this exact same outfit from another online halloween costume site luckily that other site was able to get it to me by the morning of my event this review is just on the costume based on what i received from the other site

im a size 8 and followed other reviewers suggestions to order a size down my chest is on the larger side and this still fit very well the foamy tiara and cuffs are ok but i purchased the metal ones and they were much nicer the boot cover things that come with this costume are a joke i bought funtasma by pleaser womens halloween gogo305redwhite stretch patent from amazon to complete my outfit instead the gold v belt is not attached so it moved a lot during the night i would definitely try to find a way to attach it before wearing this again another reviewer also mentioned adding a hook and eye closure at the top of the zipper which i did because the zipper does not lock closed at the top

with all the changes and additions i made i ended up with a 5 star costume as purchased im giving this 3 stars",Negative,Positive,Positive,Neutral,Negative,3,1,5,5,3,3.0,2.3999999999999995,3.5999999999999996,3.5999999999999996
not as plush as i thought it would be  i do not think based on the material it was worth the 80 i paid for it,Positive,Positive,Positive,Positive,Positive,5,5,5,5,3,3.5999999999999996,3.5999999999999996,3.5999999999999996,3.5999999999999996
im in between a size 1112 and i ordered a size up xl it was too large had to return it,Neutral,Neutral,Positive,Positive,Positive,5,5,3,5,3,3.5999999999999996,3.5999999999999996,3.0,3.5999999999999996
nice for the price,Negative,Positive,Positive,Negative,Negative,1,1,5,5,5,3.8,3.8,5.0,5.0
my son hated it i didnt sit on his shoulders good it went well with the outfit he had but unfortunately he had it off more than he had it on i think its neat and totally completed the outfit but it was uncomfortable for him to wear,Neutral,Neutral,Negative,Positive,Positive,5,5,3,1,3,3.5999999999999996,3.5999999999999996,3.0,2.3999999999999995
its a cute costume except i shouldve listened to the reviews before buying the top part was a bit big and the boot covers kept falling off when i tried it on i couldnt wear it for halloween unfortunately i shouldve ordered a size smaller  maybe i will do that next year,Positive,Positive,Positive,Positive,Positive,5,5,5,5,1,2.2,2.2,2.2,2.2
great bag for carrying a few books pens medical equipment very comfortable to wear over your shoulder slim profile looks like it will withstand lots of wear and tear like my previous jansport backpacks,Positive,Positive,Positive,Positive,Positive,5,5,5,5,5,5.0,5.0,5.0,5.0
my son used this for his halloween costume we used rubies astronaut costume and it was a huge hit he looked like a real astronaut got an enormous amount of compliments everyone asked where i got the helmet its very nice not cheap at all i was very pleasantly surprised it came in a big nice box the visor goes up and down with the push of a button which my son loves and the sounds are really cool its very comfortable and actually fits kids and adults both its has grooves where it rests on your shoulders so it sits nicely perfectly comfortable for hours of wear,Positive,Positive,Positive,Positive,Positive,5,5,5,5,5,5.0,5.0,5.0,5.0
just came across this boot and im surprised at not only how good they look but the prices for them were quite reasonable as well as affordable  not to mention theyd look great with any goth outfit or worn with regular slacksjeans  id highly recommend these boots for both goth girls and guys alike,Positive,Positive,Positive,Positive,Positive,5,5,5,5,5,5.0,5.0,5.0,5.0
dont order this if you have big thighs did not fit was not opaque at all and are made for small short girls couldnt even wear them,Negative,Negative,Negative,Positive,Positive,5,5,1,1,1,2.2,2.2,1.0,1.0
it is too large to weari will wear it when i sleepi buy it for it named ck whatever ,Negative,Neutral,Positive,Positive,Positive,5,5,3,5,3,3.5999999999999996,3.5999999999999996,3.0,3.5999999999999996
"except if you are size 6 you will struggle

accessories very cute for a cheap costume eg fake velvet boot covers  wont stand up to rough wear but cute for impression of red boots",Positive,Positive,Positive,Positive,Positive,5,5,5,5,5,5.0,5.0,5.0,5.0
sizes run small  i usually wear a small but ordered a medium and it was still a little tight through the hips,Positive,Neutral,Negative,Positive,Positive,5,5,3,1,3,3.5999999999999996,3.5999999999999996,3.0,2.3999999999999995
i am a huge fred sanford fan i loved the show and still watch it when the reruns air this shirt has one of freds signature words on itchampipple i get a lot of great comments on it whenever i wear this shirt,Positive,Positive,Positive,Positive,Positive,5,5,5,5,5,5.0,5.0,5.0,5.0
fits well good quality i would recommend,Positive,Positive,Positive,Positive,Positive,5,5,5,5,5,5.0,5.0,5.0,5.0
"over all fit was ok the bodice part was difficult to keep up i couldnt use the cape because the wrap around velcro pieces were way to short the wristlets are silver instead of gold like the rest of the costume
i was kind of disappointed and had to send it back",Neutral,Positive,Positive,Negative,Negative,1,1,5,5,3,2.3999999999999995,2.3999999999999995,3.5999999999999996,3.5999999999999996
"the cape was missing on this costume even though the packaging states it comes with one  the upper portion is made with foam so if you use this in a warm climate you will be hot  i tried it on for about 10 minutes and was burning up
the wrist bands were very tight and i am a petite woman and are not tapered  its hard to tell which side goes toward your elbow  the boots are socks without a bottom and there is no way to keep them on your feet or a shoe
it looks good and if i had time before our party i would have made some adjustments to the wristbands and socks to make them fit better  however the foam upper would have driven me nuts after a very short time",Neutral,Positive,Positive,Neutral,Positive,3,5,5,5,1,1.6,2.2,2.2,2.2
got this for my dad at christmas  the leather is nice and it opens up great and stands up  its great quality,Negative,Positive,Positive,Negative,Negative,1,1,5,5,5,3.8,3.8,5.0,5.0
gift for brother in law,Positive,Positive,Neutral,Positive,Positive,5,5,5,3,5,5.0,5.0,5.0,4.4
"i am so picky about my jewelry but i cant really afford much however when i saw this ring my heart skipped a beat  these are my colors and what a gorgeous ring for such a reasonable price
i just got the ring today and i am so pleased with it i think perhaps the style isnt for everyone but thats a very good thing i dont want the same jewelry as everyone else ",Positive,Positive,Positive,Positive,Positive,5,5,5,5,5,5.0,5.0,5.0,5.0
great hat for hot weather,Positive,Positive,Positive,Positive,Positive,5,5,5,5,5,5.0,5.0,5.0,5.0
very cute boots but be careful with lace i ripped it and i had to sewed it back my baby is 11months she wears size 3 but i got size 2 for her fit good,Neutral,Positive,Positive,Neutral,Positive,3,5,5,5,5,4.4,5.0,5.0,5.0
fit great and looked very nice with a tux  is not worn alot but even once or twice a year the price was great,Positive,Positive,Positive,Positive,Positive,5,5,5,5,5,5.0,5.0,5.0,5.0
this is the costume i was looking for and it fits perfectly i cant wait for halloween,Positive,Positive,Positive,Positive,Positive,5,5,5,5,5,5.0,5.0,5.0,5.0
wraps me up warmly washes well i wanted one to go down to the floor large enough to feel snuggled in and that i could just throw through the wash im super happy,Positive,Positive,Positive,Positive,Positive,5,5,5,5,5,5.0,5.0,5.0,5.0
in amazons advertisement the shoe is described as leather but the stamp on the heel describes the shoes as coated leather pic attached this coating gives the shoes a cheap patent leather look at 12200 and reading amazons description i assumed i was getting leather shoes not so fit is ok but they look like something a child would wear very disappointing,Positive,Negative,Positive,Positive,Positive,5,5,1,5,1,2.2,2.2,1.0,2.2
fit well and was well made for being inexpensive,Positive,Positive,Positive,Positive,Positive,5,5,5,5,5,5.0,5.0,5.0,5.0
it was little to small for me ,Negative,Neutral,Negative,Negative,Negative,1,1,3,1,3,2.3999999999999995,2.3999999999999995,3.0,2.3999999999999995
love these chaps just what i thought they would be,Positive,Positive,Positive,Positive,Positive,5,5,5,5,5,5.0,5.0,5.0,5.0
such a fun helmet for my daughter who had already purchased a full nasa costume suit,Positive,Positive,Positive,Positive,Positive,5,5,5,5,5,5.0,5.0,5.0,5.0
it is really nicely made for the price however the sizing is a bit small,Positive,Positive,Positive,Positive,Positive,5,5,5,5,5,5.0,5.0,5.0,5.0
great product,Positive,Positive,Positive,Positive,Positive,5,5,5,5,5,5.0,5.0,5.0,5.0
the handkerchiefs are beautiful  the order came promptly in good order will definitely be repeating business with this business,Positive,Positive,Positive,Positive,Positive,5,5,5,5,5,5.0,5.0,5.0,5.0
the picture of it must be at an angle  filled with stuff because it is huge in real life great if youre going to carry around a laptop or books constantly  but if youre not might be a bit too big for a notebook  water bottle i dont regret it because i guess too much room is better than not enough   it is really well made  has a lot of nifty pockets all in all pleased,Positive,Positive,Positive,Positive,Positive,5,5,5,5,5,5.0,5.0,5.0,5.0
"not what i ordered my order was for window replacements by rolfs d credit card windows 4 78 x 3 34 inches holds 24 photos or credit cards side loading  the order i receivd is for 16 windows top loading and is by buxton i advised menswallet of the error and was told they were sending the right order out  i received the second order which was the same wrong order as the first  ive asked that if the order cant be filled as requested to credit my account  im waiting for the return label and refund
so disappointed i didnt get what i had ordered  if i didnt need 24 windows then the 16 would have been fine it seems to be good quality",Negative,Positive,Positive,Negative,Negative,1,1,5,5,1,1.0,1.0,2.2,2.2
my husband has to go to many black tie optional and black tie events for work throughout the year  we finally sprung for a tux and i was looking for a formal shirt that was nice yet not crazy expensive  this one fit the bill  i was not expecting much due to some of the reviews but the most recent reviews looked positive so i ordered on amazon i always go by the most recent reviews because that carries more weight to me than one from 2009 or so  my husband  is  58 42 inch waist and wears a 20 neck 3435 sleeve so i chose the 20 3435 on amazon as the option  when took it out of the package this shirts tag just says 4x on the inside but their sticker on the onside of the package said 20 3435 he tried it on and everything was perfect but the neck was a little large before adding a tie just a little bigger than he liked leaving a little gap  however sleeves belly area everything fit perfect besides the neck being a little too large  so i washed the shirt in hot water and put it in the dryer and the neck is now absolutely perfect fits him 100 now  the shirt looks great and fits like a dream  the quality is great for the price  also i took the advice of another review and bought thesenbspa datahookproductlinklinked classalinknormal hrefcufflinksandstudssetfortuxedoformalblackwithshinysilvertrimmingbymenscollectionsdpb004nkd3j8refcm_cr_arp_d_rvw_txtieutf8cufflinks and studs set for tuxedo  formal black with shiny silver trimming by mens collectionsanbspbutton studs and cufflinks  the button studs that come with the shirt are very cheap plastic and on the small side as youd expect for free and you could get away with them for a one time event like a wedding or formal event but if you will wear the shirt over and over id go for nicer studs also i had no quality control issues  all the stitching is just fine  the shirt was not thin as one review said we are very pleased this was a far better buy then going to big and tall shops here all over town looking for a tux shirt that would 1 would fit and 2 still spending 75 or 100 on it locally,Positive,Positive,Positive,Positive,Positive,5,5,5,5,5,5.0,5.0,5.0,5.0
ive tried these on a few times before buying them i must have tried different standard white vnecks as one medium seems to fit a lot tighter which is desired for an undershirt than others i bought another two sets from marshalls and they appeared to be the exact same product but fit a lot looser they are very comfortable and i kept both,Negative,Positive,Positive,Positive,Positive,5,5,5,5,5,5.0,5.0,5.0,5.0
beautiful on,Positive,Positive,Positive,Positive,Positive,5,5,5,5,5,5.0,5.0,5.0,5.0
very satisfied with this product i received it the day before i wanted to wear it and was i nervous that it wasnt going to fit but it looked great plus it was only 16 the only downside is that the tag tells you not to washdry the dress only spot clean,Positive,Positive,Positive,Positive,Positive,5,5,5,5,5,5.0,5.0,5.0,5.0
this helmet was a great addition to my sons astronaut costumenbspa datahookproductlinklinked classalinknormal hrefaeromaxjrastronautsuitwithembroideredcapandnasapatcheswhitesize810dpb000fgm3sgrefcm_cr_arp_d_rvw_txtieutf8aeromax jr astronaut suit with embroidered cap and nasa patches white size 810anbsphe loves space and was so happy with this costume especially the helmet  the smile on his face made this the best buy ever,Neutral,Positive,Positive,Positive,Positive,5,5,5,5,5,5.0,5.0,5.0,5.0
favorite costume of all time cant wait to wear it tonight although i ordered it almost a year ago,Positive,Positive,Positive,Positive,Positive,5,5,5,5,5,5.0,5.0,5.0,5.0
my wife got this as a lastminute costume for a 20s party gotta love prime and it looked great she said it was a tad big and while it didnt billow it definitely wasnt form fitting so if thats what youre looking for go a size down it wasnt shipped in the greatest container but there werent any noticeable imperfections my wife has actually worn this to other functions so if you get the right size its a great item she was worried it would be really uncomfortable but she said it wasnt scratchy at all,Negative,Positive,Positive,Negative,Negative,1,1,5,5,3,2.3999999999999995,2.3999999999999995,3.5999999999999996,3.5999999999999996
great seller received earlier than expected very nice quality  ordered another,Positive,Positive,Positive,Positive,Positive,5,5,5,5,5,5.0,5.0,5.0,5.0
thank goodness i read the other reviews it does run small  i normally wear a medium but ordered an xl  it fits perfect  i love the  dress,Negative,Positive,Positive,Positive,Positive,5,5,5,5,5,5.0,5.0,5.0,5.0
best hat ive ever owned wont blow off in pretty extreme winds,Positive,Positive,Positive,Positive,Positive,5,5,5,5,5,5.0,5.0,5.0,5.0
this is our third pair of durango boots  only because our son outgrows them and just plain wears them out because he loves them so much  he wears them daily  they are great boots  look great and fit great  we bought our other son the same boots because they both just loved them so much  highly recommend,Positive,Positive,Positive,Negative,Negative,1,1,5,5,5,3.8,3.8,5.0,5.0
love them,Positive,Positive,Positive,Positive,Positive,5,5,5,5,5,5.0,5.0,5.0,5.0
very good quality,Positive,Positive,Positive,Positive,Positive,5,5,5,5,5,5.0,5.0,5.0,5.0
this costume was cute but if i wouldnt have read the other reviews it would have never fit,Positive,Negative,Positive,Positive,Positive,5,5,1,5,5,5.0,5.0,3.8,5.0
this is a great item for the price  many said it ran small so i ordered up but i found the sizing to be true to size so i ended up with a dress that was a bit too big for me so i now have to order my actual size  arrived quickly,Positive,Positive,Positive,Positive,Positive,5,5,5,5,5,5.0,5.0,5.0,5.0
boots shipped out great and got here earlier than expected they look exactly like the picture however the first pair we received my 4 year old son wore them for less than 10 minutes and the snake skin part was already peeling off however the company was very quick to ship us a replacement pair my son is just afraid to act himself in the boots for fear they will mess up again,Positive,Positive,Positive,Positive,Positive,5,5,5,5,3,3.5999999999999996,3.5999999999999996,3.5999999999999996,3.5999999999999996
"my daughter loves this item my high score is based on her feedback she thinks its great

from my part its pretty cheaply made and i dont know how long it will hold up and the sound is pretty poor but she is happy so im fine with it",Positive,Positive,Positive,Positive,Positive,5,5,5,5,5,5.0,5.0,5.0,5.0
first buy of internet shoes after one return and replacement works great,Positive,Positive,Positive,Positive,Positive,5,5,5,5,5,5.0,5.0,5.0,5.0
i dont know what people are talking about when they say this is small it was huge required alteration so that i could wear it much too long and wide for me,Positive,Positive,Positive,Positive,Positive,5,5,5,5,3,3.5999999999999996,3.5999999999999996,3.5999999999999996,3.5999999999999996
i had to send it back and get a different size,Positive,Neutral,Neutral,Positive,Positive,5,5,3,3,3,3.5999999999999996,3.5999999999999996,3.0,3.0
as excepted,Positive,Neutral,Neutral,Positive,Positive,5,5,3,3,5,5.0,5.0,4.4,4.4
"just what i needed but the plastic sheet that is inserted into the wallet to hold the pages in place broke or tore off after only  2 weeks
the price is good so you may want to buy more than one in case it breaks down right away",Negative,Positive,Positive,Positive,Positive,5,5,5,5,1,2.2,2.2,2.2,2.2
great feel  great fit,Negative,Positive,Positive,Negative,Positive,1,5,5,5,5,3.8,5.0,5.0,5.0
this style of hat band is perfect for my panama jack straw hat  the old hat band was faded and stained with perspiration  thirty seconds was all it took to remove the old band and install the new one  it looks great now,Negative,Positive,Positive,Positive,Positive,5,5,5,5,5,5.0,5.0,5.0,5.0
i went to hawaii and needed some darker light weight shirts these are perfect and fit well maybe a little tiny bit larger but that is fine i would buy this again and made a good purchase at a great price i am a female large on top love the vneck too,Positive,Positive,Positive,Positive,Positive,5,5,5,5,5,5.0,5.0,5.0,5.0
this helmet is advertised for children it does not fit a child and is instead sized for an adult  the helmet rests on the 3 yearolds shoulders and wobbles around  the microphone is made of cheap plastic and snapped off within a few minutes of use,Positive,Negative,Positive,Positive,Positive,5,5,1,5,1,2.2,2.2,1.0,2.2
it wont help you get dry its more of a robe to hang out i had to return it and the seller was really nice and gave me a refund,Positive,Positive,Positive,Neutral,Positive,3,5,5,5,1,1.6,2.2,2.2,2.2
its a sturdy hat  i noticed that the adjustment cord hits the flap which can be kind of irritating noisy  not sure what the hook on the back is for,Neutral,Negative,Negative,Positive,Positive,5,5,1,1,5,5.0,5.0,3.8,3.8
great hat too big  sold it to friend and ordered correct size  thanks,Positive,Positive,Positive,Positive,Positive,5,5,5,5,5,5.0,5.0,5.0,5.0
this was perfect and added a more pirate feel to my costume just what a pirate needs great buy i recommend,Positive,Positive,Positive,Positive,Positive,5,5,5,5,5,5.0,5.0,5.0,5.0
runs small,Positive,Neutral,Negative,Positive,Positive,5,5,3,1,3,3.5999999999999996,3.5999999999999996,3.0,2.3999999999999995
disappointing its simplicity would only satisfy a 2 to 4 year old but it is sooo big it would only fit a 5 year old decals fell off quickly and audio is too low and garbled to understand it is so cheaply made it comes with directions to buy extra foam to pad the inside,Negative,Positive,Positive,Negative,Negative,1,1,5,5,1,1.0,1.0,2.2,2.2
i got this to spice up an outback hat that i have and it doesnt quite fit it correctly it does have built in pins at the ends to hold it in place it could use a couple more along the length to make it more correctly fitted to a variety of hats  i also got this in black this one isnt quite as long as the black and the inner end isnt as well put together on this one as the black one was,Positive,Negative,Positive,Positive,Positive,5,5,1,5,3,3.5999999999999996,3.5999999999999996,2.3999999999999995,3.5999999999999996
i bought this for my 12 year old son he is very rough on things so i wanted something very study and spacious he can fit his trapper and several other school books plus his reading books too what is super nice is that jansport has a lifetime warranty and they will fix or replace the product for free well worth the money,Positive,Positive,Positive,Positive,Positive,5,5,5,5,5,5.0,5.0,5.0,5.0
i thought this would be really cute had to reorder it down a size the corset part does not stay flat and keeps bunching up,Positive,Positive,Positive,Positive,Positive,5,5,5,5,1,2.2,2.2,2.2,2.2
i love it and it fit perfectly,Positive,Positive,Positive,Positive,Positive,5,5,5,5,5,5.0,5.0,5.0,5.0
love it got great reviews,Neutral,Positive,Positive,Positive,Positive,5,5,5,5,3,3.5999999999999996,3.5999999999999996,3.5999999999999996,3.5999999999999996
this was the shizzle for a good long while  my kid was the coolest in ac for a year,Positive,Positive,Positive,Positive,Positive,5,5,5,5,5,5.0,5.0,5.0,5.0
this my second hat  the first has become my yard sun protector i perspire pretty good so this is my formal hat ,Positive,Positive,Positive,Positive,Positive,5,5,5,5,5,5.0,5.0,5.0,5.0
i bought this messenger bag years ago and its been used washed used again washed again etc it still looks good and my husband still uses it every day it has outer and inner front pockets in the flap the inner pockets are great for storing sandwiches and other flat items while the outer pocket is accessed by the zipper that runs across the flap i guess the main quality of this bag is its great durability the shoulder strap is ok comfortwise but not great,Positive,Positive,Positive,Positive,Positive,5,5,5,5,5,5.0,5.0,5.0,5.0
this size and style of bostonian luxe fits me fine  very comfortable after less than one hours wear  the shoe easily accommodates my orthopedic appliance arch support,Negative,Positive,Positive,Negative,Negative,1,1,5,5,5,3.8,3.8,5.0,5.0
"good quality my son is 4 he loves astronaut so it has been
9 months and he still play with it",Positive,Positive,Positive,Positive,Positive,5,5,5,5,5,5.0,5.0,5.0,5.0
i have this same hat in camel  like it so much i decided to find it it in black i was delighted to find one on line it was shipped quickly and packaged carefully but the hat was a disappointment i ordered a size m and this clearly was not the same m as the camel hat also the inner band grosgrain ribbon was so stiff it was uncomfortable it didnt seem to be of the same high quality of the other hat i have i returned the hat i do want to acknowledge that i was quickly refunded for my return,Positive,Negative,Positive,Positive,Positive,5,5,1,5,1,2.2,2.2,1.0,2.2
very soft and plush,Positive,Neutral,Positive,Positive,Positive,5,5,3,5,5,5.0,5.0,4.4,5.0
i took a chance on these and they are great  i usually buy 2x but went with xl and they fit perfectly  i like a v neck t shirt  they are light in weight which is good for a hot and humid north carolina summer three different colors  will probably use for about three years until i get oil grease of paint on them but for about 11 average per shirt it was a nice way to buy and not get in traffic and heat as a result,Positive,Positive,Positive,Positive,Positive,5,5,5,5,5,5.0,5.0,5.0,5.0
liked the hat but medium was a bit too tight  plan to get next size up even though measured 7 18,Positive,Positive,Positive,Positive,Positive,5,5,5,5,5,5.0,5.0,5.0,5.0
i read all these great reviews about this ring and it looks good in the photo  when i received it well it looks kind of cheap  like a toy almost  i was not really happy with it at all  its ok but not like the photo,Neutral,Positive,Positive,Positive,Positive,5,5,5,5,1,2.2,2.2,2.2,2.2
"i like this helmet very much however it is a one size fits all
i bought this outfit to go with the jr astronaut suite orange size 23 for my 3t year old son  wish they made it a bit smaller as well otherwise it will be a 5 star",Positive,Positive,Positive,Positive,Positive,5,5,5,5,5,5.0,5.0,5.0,5.0
not a real calvin klein t shirt  i bought calvin klein t shirts at nordstrom great quality  i figured i would by via amazon to save time and money  made differently after washing the material shows its poor quality  your basically paying high prices for haynes level t shirts avoid just went back to nordstrom to pick up a few more,Positive,Positive,Positive,Positive,Positive,5,5,5,5,1,2.2,2.2,2.2,2.2
the sizing is incorrect it says it is a 68 i typically wear either a large 6 or a small 8 i cannot pull it over my head much less pull it down on my body,Neutral,Neutral,Negative,Negative,Positive,1,5,3,1,1,1.0,2.2,1.6,1.0
grandson did a presentation on indiana native dr david wolf  the helmet was used in the talk and related to dr wolfs space walks,Negative,Neutral,Neutral,Positive,Positive,5,5,3,3,5,5.0,5.0,4.4,4.4
like the hat comfortable and cool,Positive,Positive,Positive,Positive,Positive,5,5,5,5,5,5.0,5.0,5.0,5.0
it was better than what i thought,Positive,Positive,Positive,Positive,Positive,5,5,5,5,5,5.0,5.0,5.0,5.0
this is just what i was looking for they work great i was surprised to find they also hang i love them and will order more,Positive,Positive,Positive,Positive,Positive,5,5,5,5,5,5.0,5.0,5.0,5.0
fits great for the waist the thighs are a bit tight hoping they will stretch,Neutral,Positive,Positive,Neutral,Neutral,3,3,5,5,5,4.4,4.4,5.0,5.0
got my first one in the service 83  have been using them ever since  always keep a couple available  never know when you or your son or daughter may need one,Positive,Neutral,Positive,Positive,Positive,5,5,3,5,5,5.0,5.0,4.4,5.0
the wonder woman costume fit perfectly and was complete to the t everyone celebrated my costume and i enjoyed dressing up for halloween this year,Positive,Positive,Positive,Positive,Positive,5,5,5,5,5,5.0,5.0,5.0,5.0
nice shirt,Positive,Positive,Positive,Positive,Positive,5,5,5,5,5,5.0,5.0,5.0,5.0
im a size 1012 and i ordered a medium i should have gotten a small,Positive,Neutral,Negative,Positive,Positive,5,5,3,1,3,3.5999999999999996,3.5999999999999996,3.0,2.3999999999999995
"i didnt buy the chain for myself im giving it to someone for christmas with a
charm to make a pendant silver chains are expensive and i had already done most of
my christmas shopping for this person all i was lacking was a chain i shopped online and it looked like i would not be able to get her a chain too expensive so i found this one and bought it thanks",Positive,Positive,Positive,Positive,Positive,5,5,5,5,5,5.0,5.0,5.0,5.0
runs a little small but loved the outfit,Positive,Positive,Positive,Positive,Positive,5,5,5,5,5,5.0,5.0,5.0,5.0
it was nice but if you have tiny knockers go a size smaller,Positive,Positive,Positive,Positive,Positive,5,5,5,5,5,5.0,5.0,5.0,5.0
it was a gift for a friend  i hope he likes it,Positive,Positive,Neutral,Positive,Positive,5,5,5,3,5,5.0,5.0,5.0,4.4
bought this for my son to replace his vinyl kit i told him the quality ones will last forever mine has,Positive,Neutral,Neutral,Positive,Positive,5,5,3,3,5,5.0,5.0,4.4,4.4
good,Positive,Positive,Positive,Positive,Positive,5,5,5,5,5,5.0,5.0,5.0,5.0
i got this helmet for my nephews 4th birthday he played with it for a minute but it was a lot bigger than expected it turned him into a walking bobble head its best used as display due to the large size,Positive,Positive,Positive,Positive,Positive,5,5,5,5,3,3.5999999999999996,3.5999999999999996,3.5999999999999996,3.5999999999999996
my son wanted to dress like august pullman from wonder for literary day and this is perfect,Positive,Positive,Positive,Positive,Positive,5,5,5,5,5,5.0,5.0,5.0,5.0
perfect leather cigarette casepurse if you smoke the shorties i gave this 4 stars because i didnt read the fine print where it said it will not accommodate lights 100s aka the longer cigarettes,Positive,Positive,Positive,Positive,Positive,5,5,5,5,5,5.0,5.0,5.0,5.0
my son loved his eye patch to be a pirate for halloween  this was cute  if i could get him to wear the earring it would have been just as cute but he said it hurt his ear since it was a clip on ,Positive,Negative,Positive,Positive,Positive,5,5,1,5,5,5.0,5.0,3.8,5.0
i would love to give this item a 5 start ratingif the material had some stretch to it it would of been awesomeits a tight fit but good if i dont gain a pound from now to halloween its cute fun n sassy n would def buy from this seller againi bought a small i weigh 120 lbs n usually wear a size 1 or a 3 depending on the clotheslike i stated before a stretch material would of been awesome,Positive,Positive,Positive,Positive,Positive,5,5,5,5,5,5.0,5.0,5.0,5.0
the problem with this v neck is simple the v is not nearly deep enough i wear a v neck in order to have the comfort of a tshirt without letting everyone know i am wearing oneotherwise id buy a crew neck ive literally taken the scissors to these things to get them so they dont show when i wear them with more casual sport shirts unless you are only going to wear them with dress shirts and only the very top button undone get something else dont let the brand name deceive you here,Negative,Positive,Positive,Negative,Positive,1,5,5,5,1,1.0,2.2,2.2,2.2
very soft and cuddly just like the prior reviews,Positive,Positive,Positive,Positive,Positive,5,5,5,5,5,5.0,5.0,5.0,5.0
arms could have been a bit longer other than that excellent robe  very warm,Positive,Positive,Positive,Positive,Positive,5,5,5,5,5,5.0,5.0,5.0,5.0
im not sure how to say this costume fit its a one piece that is stretchy the top is velvety and doesnt fit well at all for someone with a smaller bust and waist the skirt part was totally fine and kinda silky the cape fit too tight around my neck the belt also didnt look right since the torso of the costume wasnt fitted to me and the belt would sit weird i didnt try the boot things since the rest was too weird i figured i would leave it wrapped i think if i had a more shapely body it might look better or if it had a zipper to close like a glove,Negative,Positive,Positive,Negative,Negative,1,1,5,5,1,1.0,1.0,2.2,2.2
omg  never want to get dressed again  the softest cuddliest  most snuggly robe ever created,Positive,Positive,Positive,Positive,Positive,5,5,5,5,5,5.0,5.0,5.0,5.0
i have wide hips and fit most full non thighhi nylons without difficulty they pucker a bit at my middle on some but i was almost unable to get this pair to my middle which is a first for me if youre a big wide in the hips i wear a pant size around 1112 depending on if they are from the juniors or womens departments and i know i have curvy thighs too but i didnt expect to have difficulty fitting into these i rarely have problems fitting into onesize items and only on thighhighs like i said might want to up to the plus or shop elswhere if youre unsure if youll fit too,Neutral,Positive,Positive,Neutral,Positive,3,5,5,5,5,4.4,5.0,5.0,5.0
happy with my purchase  i especially like the texture and smooth feel of the cotton,Positive,Positive,Positive,Positive,Positive,5,5,5,5,5,5.0,5.0,5.0,5.0
gift for granddaughter she said they fit just right and loves the look,Positive,Positive,Positive,Positive,Positive,5,5,5,5,5,5.0,5.0,5.0,5.0
these are the most comfortable things i have ever worn on my feet i bought them for gymnastics and im so happy that i did they are so comfortable but just in case you didnt know the straps are only attached at the back of the slipper so you have to sew them into the front im assuming for proper fit this is a bit annoying coupled with the fact that there is no loop or area of fabric to sew them into without having to see your handy work through the frontno good if your terrible at sewing like me and they soil easilythis should be expected of courseespecially if they are white still as my title suggeststhey earn 5 stars and more because they truly are that comfortable especially when walking on carpet i cant well explain why because the shoes really have no padding but they hug your feet and support your arch to an extent im assuming these would not be as comfortable for flat footed peoplethe price is great and if you are into ballet what do you have to loose,Positive,Positive,Positive,Positive,Positive,5,5,5,5,5,5.0,5.0,5.0,5.0
i have ordered a pack of these shirts before and they were exactly what i expected this time however the material was just a bit thinner than before and the stitching was not quite as sturdy as before within the first couple wears of this product the stiching around the sleeve has already torn the quality is just not the same as previous packs of this shirt that i have owned,Positive,Negative,Positive,Positive,Positive,5,5,1,5,1,2.2,2.2,1.0,2.2
i was very pleased with this item the quality of this product overall is excellant most hankerchiefs are of whats called a standard size 12 x 12 but this product was much larger 16 x 16 the hankerchiefs hold up well when washed however they do come out wrinkled so i would suggest ironing them using bleach also keeps the product looking pure white  brand new the bleach isnt harsh on the product at all i was surprised that this item shipped fast i ordered on one day  about four days later i received it this item fits in all sorts of mail boxes both large  small so dont worry if your not home when it arrives because it should fit in your mailbox my transaction was pleasant  sweet i had no problems with the seller at all i received nothing but courtesy  respect i would most defintly buy from this seller again i do believe that the item was some what on the pricey end however i dont buy hankerchiefs on a daily andor regular basis to know enough about that,Positive,Positive,Positive,Neutral,Positive,3,5,5,5,5,4.4,5.0,5.0,5.0
i bought it for my mother in law and she loved it,Negative,Positive,Positive,Neutral,Neutral,3,3,5,5,5,4.4,4.4,5.0,5.0
the kids love the patch and earring the earring uses a magnet to hold the ear i wondered when i bought it and didnt see the answer,Negative,Positive,Positive,Positive,Positive,5,5,5,5,5,5.0,5.0,5.0,5.0
as expected,Positive,Neutral,Negative,Negative,Positive,1,5,3,1,5,3.8,5.0,4.4,3.8
very cute ankle socks fit large shoe sizes very well i am a 10w and they fit amazingly great buy they are a bit thin though so be careful,Neutral,Positive,Positive,Neutral,Positive,3,5,5,5,5,4.4,5.0,5.0,5.0
arrived in 2 days my son loves this we love amazon,Positive,Positive,Positive,Positive,Positive,5,5,5,5,5,5.0,5.0,5.0,5.0
i got this for a 1920s part that we had and it was a hit  i got the dress and all the accessories and everyone loved my get up  this was a great buy,Positive,Positive,Positive,Positive,Positive,5,5,5,5,5,5.0,5.0,5.0,5.0
couldnt beat it for less than 20,Neutral,Neutral,Negative,Positive,Positive,5,5,3,1,5,5.0,5.0,4.4,3.8
the ring was very beautifuli thought the price might mean the ring would look cheap but it doesnt at allits a great product for the price and the company was amazing to work with,Positive,Positive,Positive,Positive,Positive,5,5,5,5,5,5.0,5.0,5.0,5.0
fits everything great quality durable feels good on both full or empty  very happy with this backpack,Positive,Positive,Positive,Positive,Positive,5,5,5,5,5,5.0,5.0,5.0,5.0
very sweet a lot of fun,Positive,Positive,Positive,Positive,Positive,5,5,5,5,5,5.0,5.0,5.0,5.0
good just what i expected,Positive,Positive,Positive,Positive,Positive,5,5,5,5,5,5.0,5.0,5.0,5.0
great costume and received it promptly,Positive,Positive,Positive,Positive,Positive,5,5,5,5,5,5.0,5.0,5.0,5.0
what fits well and is a good value for the price the chin strap is a little rough but overall i am well pleased the brim is wide enough for protection from the sun which is the main reason i bought it,Positive,Positive,Positive,Positive,Positive,5,5,5,5,5,5.0,5.0,5.0,5.0
i ordered the watchbox for 20 watches in august 2006 the delivery of the box was flexible and the box arrived quickly it took only a couple of weeks and the price of the box was reasonable with the box itself i am very satisfied,Positive,Positive,Positive,Positive,Positive,5,5,5,5,5,5.0,5.0,5.0,5.0
"i have never had handkerchiefs before so i wasnt sure what i was getting myself into  but i wanted to stop wasting so much paper with facial tissues so i figured i would give it a shot
when i received these the seller got them to me faster than expected and i appreciate that i was a little disappointed  the seemed so thin  i could see right through them even when folded in half  but they do the job great  and being thin they easily go into a pocket without being bulky  i would recommend them to anyone that is looking for a handkerchief for environmental or any other reasons",Neutral,Positive,Positive,Negative,Positive,1,5,5,5,5,3.8,5.0,5.0,5.0
liked them alot,Positive,Positive,Positive,Positive,Positive,5,5,5,5,5,5.0,5.0,5.0,5.0
ok,Positive,Positive,Positive,Positive,Positive,5,5,5,5,5,5.0,5.0,5.0,5.0
the storage box looks feels and even smells great the see through pane on the top even makes it look really expensive and it really does its job down side is that it does its job on the top deck the bottom part of the storage unit is very thin large watches wont fit in the bottom drawer if u have 10 big wide watches and some thin ones youll be fine,Positive,Positive,Positive,Positive,Positive,5,5,5,5,3,3.5999999999999996,3.5999999999999996,3.5999999999999996,3.5999999999999996
very good tshirt medium weight cotton but suitable for wearing with or without a shirt that is buttoned or unbuttoned  colorfast despite several washings,Negative,Positive,Positive,Positive,Positive,5,5,5,5,5,5.0,5.0,5.0,5.0
purchased for my teen aged daughter as christmas stocking stuffer and she loved them,Positive,Positive,Positive,Positive,Positive,5,5,5,5,5,5.0,5.0,5.0,5.0
i love this chain  its a super value and a very strong good quality piece i ordered one to replace a flimsy chain for a necklacecharm and loved it so much that i ordered another for myself and one for my mother  there was a small problem with one clasp but the seller handled the return easily and swiftly  ill definitely purchase more of these box chains,Positive,Positive,Positive,Positive,Positive,5,5,5,5,5,5.0,5.0,5.0,5.0
i needed a chain to put my christopher reeve go forward superman dogtag on and this works perfectly plus it comes in a nice looking box and the chain itself has a nice shine to it,Positive,Positive,Positive,Positive,Positive,5,5,5,5,5,5.0,5.0,5.0,5.0
my boyfriend loves these v necks and i can never find them in stores like marshalls and tj max in his size so we ordered them online perfect,Positive,Positive,Positive,Positive,Positive,5,5,5,5,5,5.0,5.0,5.0,5.0
too large,Positive,Neutral,Positive,Positive,Positive,5,5,3,5,1,2.2,2.2,1.6,2.2
very nice shirti am not a fan of bow ties being a taller dudebut it will fit your purposes,Positive,Positive,Positive,Positive,Positive,5,5,5,5,5,5.0,5.0,5.0,5.0
i love this hat it protects me from the sun and looks good doing it even after being thrown into my suitcase it comes out and looks good on my head,Positive,Positive,Positive,Positive,Positive,5,5,5,5,5,5.0,5.0,5.0,5.0
shrink a loooot after washing it for the first time but it fits well the color is the exactly the same as on the picture i like it,Positive,Positive,Positive,Positive,Positive,5,5,5,5,5,5.0,5.0,5.0,5.0
way too large,Positive,Neutral,Positive,Positive,Positive,5,5,3,5,1,2.2,2.2,1.6,2.2
sizes do not match  at all if you wear a small do not get this  it is like 20 sizes to big,Positive,Positive,Negative,Neutral,Neutral,3,3,5,1,1,1.6,1.6,2.2,1.0
they are not exactly the same type that came with my rolfe billfold the flap that fits in behind the card holder is smaller hope it stays in there,Positive,Positive,Negative,Positive,Positive,5,5,5,1,5,5.0,5.0,5.0,3.8
thrilled to find this hat  perfect for summer  love it,Positive,Positive,Positive,Positive,Positive,5,5,5,5,5,5.0,5.0,5.0,5.0
these chains are better than i expected  they are a nice weight and so brilliant they sparkle  i bought four to place charms on for christmas gifts but will buy more when i need gifts in the future,Positive,Positive,Positive,Positive,Positive,5,5,5,5,5,5.0,5.0,5.0,5.0
high quality and versatile hat good value for the price,Positive,Positive,Positive,Positive,Positive,5,5,5,5,5,5.0,5.0,5.0,5.0
not bad design  cheap quality but nice colors  the skirt can be a bit short in the back so watch out,Neutral,Positive,Positive,Positive,Positive,5,5,5,5,3,3.5999999999999996,3.5999999999999996,3.5999999999999996,3.5999999999999996
i love this costume with good quality and the dress came with a nice hairband as for the size my size is between s and m but i ordered m and its just perfect right thanks amazon,Positive,Positive,Positive,Positive,Positive,5,5,5,5,5,5.0,5.0,5.0,5.0
i like the henschel hats this was actually the 4th hat like this that i have ordered all of the other ones were size large  they fit nicely so once again i ordered a large but this time the large was way too small so i returned it  ordered an xlarge which i am waiting to be delivered now,Positive,Positive,Positive,Positive,Positive,5,5,5,5,5,5.0,5.0,5.0,5.0
the bag was too big and i ended up returning it  i was purchasing the bag for a trip overseas to use as a man purse an it was just huge  the bag would work well as a weekend carry on bag or large book bag,Positive,Positive,Positive,Positive,Positive,5,5,5,5,1,2.2,2.2,2.2,2.2
good quality but way to  big everything big,Positive,Positive,Positive,Positive,Positive,5,5,5,5,3,3.5999999999999996,3.5999999999999996,3.5999999999999996,3.5999999999999996
i have been wearing berets for 40 years and have owned many many berets and this is the best of the lot,Positive,Positive,Positive,Positive,Positive,5,5,5,5,5,5.0,5.0,5.0,5.0
bought it to be weird at partiesgreat for kids,Negative,Negative,Negative,Positive,Positive,5,5,1,1,3,3.5999999999999996,3.5999999999999996,2.3999999999999995,2.3999999999999995
beautifully made does not look cheap at all,Positive,Positive,Positive,Positive,Positive,5,5,5,5,5,5.0,5.0,5.0,5.0
soft and comfy,Negative,Neutral,Positive,Neutral,Neutral,3,3,3,5,5,4.4,4.4,4.4,5.0
fantastic fabric weight  second purchase for husband  much better quality than that fruit company or panti hose brand,Negative,Positive,Positive,Negative,Negative,1,1,5,5,5,3.8,3.8,5.0,5.0
okay,Neutral,Positive,Positive,Neutral,Neutral,3,3,5,5,3,3.0,3.0,3.5999999999999996,3.5999999999999996
keeps sun off you and lets air in so you dont overheat,Positive,Neutral,Neutral,Positive,Positive,5,5,3,3,5,5.0,5.0,4.4,4.4
these are just adorable but they do run way too big just ordered another smaller pair for my twins  keeping the larger for when they fit them too cute,Negative,Positive,Positive,Positive,Positive,5,5,5,5,5,5.0,5.0,5.0,5.0
i bought this military spec black belt and buckle after my original ones from uncle sam gave out on me nearly 15 years later  the material is not as high end as the original standard issued ones but they are identical  the ones issued by uncle sam were of course made in america  while these are made in taiwan  but so far the buckle has lasted me a few months now so well see how many years use ill get out of these taiwanese models,Positive,Positive,Positive,Positive,Positive,5,5,5,5,5,5.0,5.0,5.0,5.0
good t shirt held up after washing just keep it out of the drier,Positive,Positive,Positive,Positive,Positive,5,5,5,5,5,5.0,5.0,5.0,5.0
this was super cool until i took it out of the box the construction is pretty chincy despite the price tag and the batteries died right after i got it this will not hold up under the use of a child,Positive,Positive,Positive,Positive,Positive,5,5,5,5,1,2.2,2.2,2.2,2.2
too small  the arm bands are huge,Negative,Positive,Positive,Positive,Positive,5,5,5,5,1,2.2,2.2,2.2,2.2
perfect fit great fabric,Positive,Positive,Positive,Positive,Positive,5,5,5,5,5,5.0,5.0,5.0,5.0
i use the hat for golfing  its perfect,Positive,Positive,Positive,Positive,Positive,5,5,5,5,5,5.0,5.0,5.0,5.0
normally wear a size 12 dress and the large was way too big had to adjust before using it,Positive,Neutral,Positive,Positive,Positive,5,5,3,5,3,3.5999999999999996,3.5999999999999996,3.0,3.5999999999999996
i bought this necklace for my 6 year old daughter it was her first necklace so i wanted something that would be durable for a very active little girl she absolutely loves it it holds up to sleeping in it and playing with it on she has 2 brothers and believe me they play hard rolling around on the floor inside and the grass outside jumping on the trampoline and all we have had for a little bit now and it does not have a crinkle in it still looks as good as the day we bought it and still shiny i definitely recommend this necklace for anyone that is active and needs something to withstand day to day activities,Positive,Positive,Positive,Positive,Positive,5,5,5,5,5,5.0,5.0,5.0,5.0
as expected,Negative,Neutral,Negative,Positive,Positive,5,5,3,1,5,5.0,5.0,4.4,3.8
looks good feels good,Positive,Positive,Positive,Positive,Positive,5,5,5,5,5,5.0,5.0,5.0,5.0
shirt is a full cut i was worried about buying a shirt online and fitting to tight i normally wear a 1712 but i ordered a size 18 to be on the safe side incase the shirt was cut small but i could have used a 1712 but shirt quality was excellent for the price,Positive,Positive,Positive,Positive,Positive,5,5,5,5,5,5.0,5.0,5.0,5.0
"i have used he exact same brand and size for several years recently the tag showed made in haiti medium in haiti there does not equal medium egypt  amazon customer service was vey understanding arranged for a prompt exchange  it would have been better to know prior to purchase what is the country the product was made in

quality of construction in both haiti  egypt very good

fabric is very thin and comfortable which is exactly why i buy this brand

5 stars if the country  size did not require an exchange",Positive,Positive,Positive,Positive,Positive,5,5,5,5,5,5.0,5.0,5.0,5.0
my friend and i found a broken one of these at a thrift store for 2 by broken i mean nothing happened when you pressed any buttons we were going to a paint party rave that night and were amazed at the costume piece we had found the helmet was a huge hit at the party everyone wanted to wear it at the end of the night the owner of the club took it because it was so cool which means we no longer had a helmet i just bought two more for a paint party this weekend hopefully no one takes them because this is getting expensive the point of this story is that this thing fits adults is fun and is enjoyable even if broken the visor opens to allow you to breathe more easily which is great buy this,Positive,Positive,Positive,Positive,Positive,5,5,5,5,5,5.0,5.0,5.0,5.0
keeps my boots standing up straight and tall in the closet however i hope it doesnt stretch out the leather will report back,Positive,Positive,Positive,Positive,Positive,5,5,5,5,5,5.0,5.0,5.0,5.0
great costumer for a great price  i read that the sizes run big so i ordered an xsmall  i am 53 size 4 xsmall fit perfectly,Positive,Positive,Positive,Positive,Positive,5,5,5,5,5,5.0,5.0,5.0,5.0
excellent product,Positive,Positive,Positive,Positive,Positive,5,5,5,5,5,5.0,5.0,5.0,5.0
my husband only wore baseball cap style hats  i was thrilled that he really likes this hat and now wears it all the time and it looks great on him  plus it covers his ears from sun damage a common place for men to get skin cancer,Positive,Positive,Positive,Positive,Positive,5,5,5,5,5,5.0,5.0,5.0,5.0
i have six sets  of these bought a year ago and 3 i just received right now  the old ones are the menace described in many other reviews  the metal bands that were supposed to stay clipped into each of the plastic sides which provides the pressure to make them actually shape the boots did not stay clipped  they spring out on 3 of the 6 old pairs  but the new ones have a much better system  the metal bands have a very solid latch onto the plastic sides  very very pleased with the new design,Positive,Positive,Positive,Positive,Positive,5,5,5,5,5,5.0,5.0,5.0,5.0
bought the 612 moth size for my 5 month old son it will be great for the summer so glad its made of soft cotton,Positive,Positive,Positive,Positive,Positive,5,5,5,5,5,5.0,5.0,5.0,5.0
as advertised good quality  delivered on time,Positive,Positive,Positive,Positive,Positive,5,5,5,5,5,5.0,5.0,5.0,5.0
worse costume please dont buy  the material is so horrible,Negative,Negative,Negative,Negative,Negative,1,1,1,1,1,1.0,1.0,1.0,1.0
beautiful,Positive,Positive,Positive,Positive,Positive,5,5,5,5,5,5.0,5.0,5.0,5.0
love this hat highly recommend fits as expected excellent ventilation,Positive,Positive,Positive,Positive,Positive,5,5,5,5,5,5.0,5.0,5.0,5.0
this sun hat is very cute and very well made  my daughter started wearing it at 3 months there is much room for her to grow in it  provide good sun protection for her little face,Positive,Positive,Positive,Positive,Positive,5,5,5,5,5,5.0,5.0,5.0,5.0
i was looking for a replacement to one very similar to this coin pouch for my husband  he uses it in his front pocket for change and folding cash  he uses a smaller bifold wallet for credit cards and license  he really liked it  the leather is soft and pouch is just the right size,Positive,Positive,Positive,Positive,Positive,5,5,5,5,5,5.0,5.0,5.0,5.0
perfect costume won first prize as a group as gangstas and flappers,Positive,Positive,Positive,Positive,Positive,5,5,5,5,5,5.0,5.0,5.0,5.0
these shoes would have been awesome i wear a size 10 but the size 10s in these shoes did not fit me it would be nice if they would offer a 75 thanks anyways,Negative,Positive,Positive,Positive,Positive,5,5,5,5,5,5.0,5.0,5.0,5.0
i was very satisfied with this product and with the vendor  i received just what i ordered and i received it in a very timely manner much faster than i had anticipated,Positive,Positive,Positive,Positive,Positive,5,5,5,5,5,5.0,5.0,5.0,5.0
"i bought this dress after  thankfully  reading the reviews  i saw that several people said that the dresses run very small  so even though i typically wear a size 8 im 50 and weigh 129 pounds i went ahead and ordered a large
so glad i did the dress fit like a glove  since im short i ended up taking in the top of the shoulder straps just a tad because it hung too low for me but the dress was beautiful great quality i got lots of compliments as well  it came with the headband and necklace and looked super cute  the fringe goes all the way around the dress not just in the front thats one of the main reasons i chose this one  youll love it",Positive,Positive,Positive,Positive,Positive,5,5,5,5,5,5.0,5.0,5.0,5.0
fun sounds nice helmet great fun play,Neutral,Positive,Positive,Positive,Positive,5,5,5,5,5,5.0,5.0,5.0,5.0
great deal for a last minute gatsby party quality wasnt the best but it worked,Negative,Positive,Positive,Negative,Negative,1,1,5,5,5,3.8,3.8,5.0,5.0
excellent buy good fit excellent quality shipped ontime it is everything as was stated,Positive,Positive,Positive,Positive,Positive,5,5,5,5,5,5.0,5.0,5.0,5.0
good way to go,Positive,Positive,Positive,Positive,Positive,5,5,5,5,5,5.0,5.0,5.0,5.0
fit as expected and gave the comfort desired  was a replacement for and older robe that had seen its lifetime of ware,Positive,Positive,Positive,Positive,Positive,5,5,5,5,5,5.0,5.0,5.0,5.0
good fit,Positive,Positive,Positive,Positive,Positive,5,5,5,5,5,5.0,5.0,5.0,5.0
"i bought this chain to go along with a necklace that i purchased and i think it accented it quite nicely it wasnt too thick or too thin it seemed very durable and it being made of sterling silver will ensure it doesnt leave any weird discoloration

aside from all of that its cheap im getting ready to buy another one pretty soon",Positive,Positive,Positive,Positive,Positive,5,5,5,5,5,5.0,5.0,5.0,5.0
incredibly soft and warm,Positive,Positive,Positive,Positive,Positive,5,5,5,5,5,5.0,5.0,5.0,5.0
very nice costume  sizes do run a bit large so buy down one size  the leg covers slip down  might try holding them up with a garter belt or just not wear them at all  either way the costume looks great  cant wait to wear it,Positive,Positive,Positive,Positive,Positive,5,5,5,5,5,5.0,5.0,5.0,5.0
nice shape,Positive,Positive,Positive,Positive,Positive,5,5,5,5,5,5.0,5.0,5.0,5.0
a little flimsy but they are very pretty ive hesitated to wear them too often because i dont want to have to replace them too soon,Positive,Positive,Positive,Positive,Positive,5,5,5,5,5,5.0,5.0,5.0,5.0
thanks,Neutral,Positive,Positive,Positive,Positive,5,5,5,5,5,5.0,5.0,5.0,5.0
fits well  i got a small and wear a size 46 dress however there was no headband included like description said,Positive,Positive,Negative,Positive,Positive,5,5,5,1,5,5.0,5.0,5.0,3.8
this watch box is simple and a good value for 10 to 20 watches the watch muffs are removable so one can store the odd ring or whatever as well one comment is that the height is such that those monster do everything watches are a tight fit wrapped around the muff not a real problem but i didnt expect it so i mention it here had i known i would have bought it anyway watch pavilion sent it out right away and it was packed very well,Positive,Positive,Positive,Positive,Positive,5,5,5,5,5,5.0,5.0,5.0,5.0
sent wrong size but they are really cute,Neutral,Positive,Neutral,Positive,Positive,5,5,5,3,1,2.2,2.2,2.2,1.6
before i read other reviews i wanted to buy s size and m is just perfect i am more than satifsied with the product,Positive,Positive,Positive,Positive,Positive,5,5,5,5,5,5.0,5.0,5.0,5.0
fits true to size lucky i got a large because the med would of been too small and i ordered on short notice and was kinda scare but it all worked out,Positive,Positive,Positive,Positive,Positive,5,5,5,5,5,5.0,5.0,5.0,5.0
too easy for little ones to break,Negative,Positive,Positive,Positive,Positive,5,5,5,5,1,2.2,2.2,2.2,2.2
the socks were a hit when i wore them with my 50 s outfit at a benefit to raise money for alzheimers disease,Positive,Positive,Neutral,Positive,Positive,5,5,5,3,5,5.0,5.0,5.0,4.4
"i bought a size small and it fit perfectly i am 55 150lbs
great quality and not too short",Positive,Positive,Positive,Positive,Positive,5,5,5,5,5,5.0,5.0,5.0,5.0
my niece loved it and is wearing it to homecoming with a theme of the great gatsby  gloves hose and boa do not come with it only headband and dress but a great buy and good quality,Positive,Positive,Positive,Positive,Positive,5,5,5,5,5,5.0,5.0,5.0,5.0
"bought for my sweetie for his birthday  he works outside in florida so the sweat band is great he loved it

thanks",Positive,Positive,Positive,Positive,Positive,5,5,5,5,5,5.0,5.0,5.0,5.0
thought wouldve larger,Positive,Neutral,Neutral,Positive,Positive,5,5,3,3,3,3.5999999999999996,3.5999999999999996,3.0,3.0
great buy my son loves it a little pricey for an accessory  but well worth it this made the halloween costume,Negative,Positive,Positive,Positive,Positive,5,5,5,5,5,5.0,5.0,5.0,5.0
i bought this for my 7 yr old son to wear at his school halloween party and it was a big hit  all of the kids thought it was a great finishing touch to his costume with the automatic visor and sounds  the only down side was the weight and bulkiness of the helmet  my son felt it was too hard to walk around in so he carried it most of the time  its now a great decorative touch to his space themed room that he can pick up and play with from time to time,Positive,Positive,Positive,Positive,Positive,5,5,5,5,5,5.0,5.0,5.0,5.0
the perfect inserts for my rolfs passport wallet youll need these as the rolfs wallet will last you a couple of decades but plastic seldom does,Positive,Positive,Positive,Positive,Positive,5,5,5,5,5,5.0,5.0,5.0,5.0
i love this necklace  i needed a replacement chain for my favorite necklace and this has been perfect  its beautifual and ive gotten several compliments on it,Positive,Positive,Positive,Positive,Positive,5,5,5,5,5,5.0,5.0,5.0,5.0
sizes were incredibly inaccurate and the material felt as if it would tear on the first washing i just expected a little better quality,Negative,Positive,Positive,Neutral,Neutral,3,3,5,5,1,1.6,1.6,2.2,2.2
i should have ordered a 12 these are too small i cant stand them on for anymore than 15 mins  i didnt get them retruned in time 91116 was cut off date i tried 91216 to return no luck,Positive,Negative,Negative,Positive,Positive,5,5,1,1,1,2.2,2.2,1.0,1.0
awesome costume delivered exactly as advertised defiantly a good buy,Positive,Positive,Positive,Neutral,Positive,3,5,5,5,5,4.4,5.0,5.0,5.0
excellent,Positive,Positive,Positive,Positive,Positive,5,5,5,5,5,5.0,5.0,5.0,5.0
"perfect fit and as expected  looks great and will b great for my event
diane
thank you so muchlove it",Negative,Positive,Positive,Positive,Positive,5,5,5,5,5,5.0,5.0,5.0,5.0
it is good for the price i am 5 ft 8 in 140 about a 34b and a medium was the perfect size i dont understand why the picture isnt exactly what you get the body part looks the same but the belt is a different material same material as the arm bands sorry i dont know what to call it i didnt wear the arm bands because i had my own better ones head band is a good one looks good with the outfit clearly the description says you get boot covers not the boots in the picture but they resemble the boots i wore them over jeans and had to pin them but they looked good enough for me the cape part around your neck is different from the picture and was tight on my neck kind of irritating but it looks good with the cape the top red part with the ww  was really bunched up on the sides i couldnt pin it to fix it or anything i wore a sweater over it because i wore it to school so it looked ok but i wouldnt wear it out with just the cape maybe mine was sewn funny skirt was nice looking shiny everybody liked the costume and i would buy it again because it was the only wonder woman costume that was appropriate with pants underneath for school it doesnt look like the wonder woman i knew from the old tv show but everybody knew what i was,Positive,Positive,Positive,Positive,Positive,5,5,5,5,3,3.5999999999999996,3.5999999999999996,3.5999999999999996,3.5999999999999996
got this for my dads 90th birthday roaring 20s party and it was a hit nicely made great if you need a fun dress,Positive,Positive,Positive,Positive,Positive,5,5,5,5,5,5.0,5.0,5.0,5.0
nice thickness of shirts double stitched hems fit well would recommend,Positive,Positive,Positive,Positive,Positive,5,5,5,5,5,5.0,5.0,5.0,5.0
had to get a few sizes to figure out what we needed but it ended up being true to size  had to replace my husbands tuxedo shirt and  didnt want to spend a fortune  very good shirt for the price  not sure how it will wash but still better than paying 7500 for a shirt he only wears once a year,Positive,Positive,Positive,Positive,Positive,5,5,5,5,5,5.0,5.0,5.0,5.0
great for halloween,Positive,Positive,Positive,Negative,Negative,1,1,5,5,5,3.8,3.8,5.0,5.0
i cant complain about anything it was all to my liking i must say when it comes to amazon prime it set the mode right for everything to fall in line and for that i am thankful for amazon prime thank you primekeep up the good stuff,Positive,Positive,Positive,Positive,Positive,5,5,5,5,5,5.0,5.0,5.0,5.0
this costume fit perfectly  i love the way it looks i definitely felt like wonder woman for the night,Positive,Positive,Positive,Positive,Positive,5,5,5,5,5,5.0,5.0,5.0,5.0
i loved it 3,Positive,Positive,Positive,Positive,Positive,5,5,5,5,5,5.0,5.0,5.0,5.0
since they changed the design to a rigid flap to insert in the wallet the seam between the soft vinyl card pouches and the rigid vinyl tab tore within 1 week of the the insert being placed in service  after a month the only thing holding the card insert into the wallet is 14 in the middle of the middle of the rigid tab  while the flexible vinyl of the previous design eventually got folded and lost shapr in the tab area it had lasted for several years before failure  i was disappointed with the rapid failure of this design,Negative,Negative,Negative,Negative,Negative,1,1,1,1,1,1.0,1.0,1.0,1.0
since there were no advises on the measurements it is difficult to order the correct size,Positive,Negative,Negative,Positive,Positive,5,5,1,1,1,2.2,2.2,1.0,1.0
very beautiful costume i wear size 810 and ordered size l it lso comes with headband has some black sequins on neckline flowy and pretty,Positive,Positive,Positive,Positive,Positive,5,5,5,5,5,5.0,5.0,5.0,5.0
bought for a gift and they look so good want to keep for myself  i am impressed with these earrings,Positive,Positive,Positive,Positive,Positive,5,5,5,5,5,5.0,5.0,5.0,5.0
what can i say  they are great tshirts,Positive,Positive,Positive,Positive,Positive,5,5,5,5,5,5.0,5.0,5.0,5.0
"11312 update ive now been using these gloves through all of december and half of january and i continue to recommend them many of my runs have taken place in temperatures within the 20s and while the gloves are not winter gloves they are working out my hands are cold as i start my run and the tips of my fingers do sting initially but after about half a mile or a mile ive warmed up enough that my hands become comfortable in fact i think if i were wearing anything heavier the warmth of the gloves might become too much these allow me to go for 8mile runs without feeling like i have to take them off as long as youre okay starting your run with slightly cold hands these could be for you

original review ive been using these gloves on and off for about a month now and so far ive found them to be a great purchase i usually go for runs around 5 am and this has allowed me to test them out in temps that have resided in the mid30s so far so good they do the job if i remember ill post an update once the weather gets even colder

my only concern is the fit im an average size guy and theres something a little uncomfortable about the way they fit as if the fingers couldve been cut lower that makes me think id have an issue with them if i were a taller guy with bigger hands that being said id purchase these again if i had to do it all over again at this price point you cant beat them",Positive,Positive,Positive,Positive,Positive,5,5,5,5,5,5.0,5.0,5.0,5.0
i recently bought an 18 for myself when i got it home it was beautiful nice and sturdy not thin at all a very nice chain i recommend this to everyone,Positive,Positive,Positive,Positive,Positive,5,5,5,5,5,5.0,5.0,5.0,5.0
tested it out in gale force wind while flying my rc models and i did not even use the chin strap and it is cool on  the head and perfect fit,Negative,Positive,Positive,Positive,Positive,5,5,5,5,5,5.0,5.0,5.0,5.0
i ordered a small thinking it would fit because that is what i normally wear however once i received the costume i learned that a small is a 68 and it was way too big it looked great otherwise but unfortunately i had to return it,Positive,Positive,Positive,Positive,Positive,5,5,5,5,3,3.5999999999999996,3.5999999999999996,3.5999999999999996,3.5999999999999996
i was very please not only with the service i received but the ring itself it is beautiful i am very please and would recommend it to anyone,Positive,Positive,Positive,Positive,Positive,5,5,5,5,5,5.0,5.0,5.0,5.0
ordered the smallest size for a new grand baby coming in may 2016 runs very largebut the baby will wear them eventually not too disappointed theyre cute,Positive,Positive,Positive,Positive,Positive,5,5,5,5,3,3.5999999999999996,3.5999999999999996,3.5999999999999996,3.5999999999999996
good product,Positive,Positive,Positive,Positive,Positive,5,5,5,5,5,5.0,5.0,5.0,5.0
i love my sandals they are the second pair ive bought the first pair were clogs and i love them too i wear my sandals all the time i would reccomend them to anyone for themselves or as presents for others,Positive,Positive,Positive,Positive,Positive,5,5,5,5,5,5.0,5.0,5.0,5.0
the picture does not show how pretty and delicate the necklace is it looks very expensive you cant find anything this nice for such a reasonable price in a store love it,Positive,Positive,Positive,Positive,Positive,5,5,5,5,5,5.0,5.0,5.0,5.0
exactly what i wanted,Positive,Neutral,Positive,Positive,Positive,5,5,3,5,5,5.0,5.0,4.4,5.0
i was blown away by the quality of this dress for what i paid i kept my expectations low i was worried about the size but it fit perfectly ordering exactly the size i am i highly recommend this,Positive,Positive,Positive,Positive,Positive,5,5,5,5,5,5.0,5.0,5.0,5.0
"a datahookproductlinklinked classalinknormal hrefattractivesterlingsilver1mmitalianboxlinkchain14161820222430necklacedpb0006hb4xerefcm_cr_arp_d_rvw_txtieutf8attractive sterling silver 1 mm italian box link chain 14 16 18 20 22 24 30 necklacea

i ordered the 30inch chain and am very happy with the result  the quality is excellent it is very beautiful  the real silver is very shiney",Positive,Positive,Positive,Positive,Positive,5,5,5,5,5,5.0,5.0,5.0,5.0
got these for my daughters selection of boots that were falling all over the place and collapsing at the ankles ignore the pink color  theyre great and allow for easy vertical storage,Positive,Positive,Positive,Positive,Positive,5,5,5,5,5,5.0,5.0,5.0,5.0
nice item was super happy with my purchase,Neutral,Positive,Positive,Positive,Positive,5,5,5,5,5,5.0,5.0,5.0,5.0
this is a very nice looking shirt for the price  it arrived quickly  and even though the sizes are not exact  depending on your neck size they will select smlxl along with the correct sleeve length  it still was a decent fit,Positive,Positive,Positive,Positive,Positive,5,5,5,5,5,5.0,5.0,5.0,5.0
my daughter purchased these for cosplay  loves them theyre well made  they look and fit exactly as expected,Positive,Positive,Positive,Positive,Positive,5,5,5,5,5,5.0,5.0,5.0,5.0
i was a little skeptical on the sizes after reading other reviews so i ordered the extra large and it fit perfectly i had a great gatsby birthday party and i knew that the dress was perfect the moment i put it on it was beautiful and the layers of fringe guarantee a roaring good time perfect costume perfect fit it made the night all the more better the only thing i would caution is the sizing the costume does run small around the hips so make sure to order a larger size to ensure a proper fit,Positive,Positive,Positive,Positive,Positive,5,5,5,5,5,5.0,5.0,5.0,5.0
my daughter loved it,Positive,Positive,Positive,Positive,Positive,5,5,5,5,5,5.0,5.0,5.0,5.0
i hate it  it may fit a small childs hat,Positive,Negative,Negative,Positive,Positive,5,5,1,1,1,2.2,2.2,1.0,1.0
i couldnt wear these out or under anything because theyre enormous the only place you can wear them will be to bed and even then youll look silly i wish i could return them but i tried shrinking them and that didnt work  avoid unless youre big and tall these should be marked big and tall  ck used to make a great fitting shirt but this is not it,Neutral,Positive,Positive,Positive,Positive,5,5,5,5,1,2.2,2.2,2.2,2.2
the small fits like a medium and the boot covers are a bit cheesy however if you spend the extra mony you can get the real boots on amazon,Positive,Positive,Negative,Positive,Positive,5,5,5,1,3,3.5999999999999996,3.5999999999999996,3.5999999999999996,2.3999999999999995
pretty nice but it cut small in the hips and booty region,Positive,Positive,Positive,Positive,Positive,5,5,5,5,5,5.0,5.0,5.0,5.0
very satisfied,Negative,Positive,Positive,Negative,Negative,1,1,5,5,5,3.8,3.8,5.0,5.0
perfect dress for the occasion,Positive,Positive,Positive,Positive,Positive,5,5,5,5,5,5.0,5.0,5.0,5.0
fit very well and did not feel like the elastic would stretch out  good buy  the earring didnt clip on hard enough possibly made for a childrens ear so it was lost within the first 5 minutes,Positive,Positive,Positive,Positive,Positive,5,5,5,5,5,5.0,5.0,5.0,5.0
"i cannot believe this case cost as little as it did  i was skeptical of what the quality was going to be like after i ordered it  when i received it i was amazed because it is real leather and it looks fabulous  it is a little snug if you try to put a hard pack in it but all you have to do is tear off the top off the cigarettes and they fit

great buy",Positive,Positive,Positive,Positive,Positive,5,5,5,5,5,5.0,5.0,5.0,5.0
"this is the first time ive bought a costume online that i didnt regret i wore it to 3 parties got lots of compliments about it and i will definitely wear it again in the future

one of my concerns was that the material would be cheap and the fringe would be too sparse neither were the case im 55 150 lbs generally wear a size 10 dress and i bought a size large it fit perfectly but any smaller around the hips mine are 40 around would have been a problem

over all im very satisfied",Positive,Positive,Positive,Positive,Positive,5,5,5,5,5,5.0,5.0,5.0,5.0
this hat is great for summer  my husband had one and he liked it so well that i ordered myself one,Positive,Positive,Positive,Positive,Negative,5,1,5,5,5,5.0,3.8,5.0,5.0
great quality and fits perfect,Neutral,Positive,Positive,Positive,Positive,5,5,5,5,5,5.0,5.0,5.0,5.0
fits very well,Positive,Positive,Positive,Positive,Positive,5,5,5,5,5,5.0,5.0,5.0,5.0
i didnt realize they have a little hook to hang them as wellbonus plus they are super easy to use just squeeze and insert in the boot also just having them pink makes me happy,Positive,Positive,Positive,Positive,Positive,5,5,5,5,5,5.0,5.0,5.0,5.0
while this bag is made from quality materials the stitching was loose on the strap and it was evident that it would not endure the use under weight this may not be the norm for this product i returned the bag and did not reorder the same bag,Positive,Negative,Positive,Positive,Positive,5,5,1,5,1,2.2,2.2,1.0,2.2
ive bought these same shoes for years  this pair is much less flexible and a bit tighter  quality of the leather,Negative,Positive,Negative,Negative,Negative,1,1,5,1,5,3.8,3.8,5.0,3.8
the color was great but i am only 5 6 and these were not long enough i was constantly yanking them up all evening  i would not buy them again  if you are petite then they would be perfect for you  but if i were one inch taller i dont even see how they could be wearable,Neutral,Positive,Positive,Positive,Positive,5,5,5,5,3,3.5999999999999996,3.5999999999999996,3.5999999999999996,3.5999999999999996
this item came in only 2 days and in perfect condition it is a very nice ring  shiny smooth nice weightwidth  very impressed,Positive,Positive,Positive,Positive,Positive,5,5,5,5,5,5.0,5.0,5.0,5.0
too large,Positive,Neutral,Positive,Positive,Positive,5,5,3,5,1,2.2,2.2,1.6,2.2
these are so cute but very hard to get baby foot into and then the tie snapped off on both shoes the first time i was trying to tie them onto my baby terrible quality,Neutral,Negative,Negative,Positive,Positive,5,5,1,1,1,2.2,2.2,1.0,1.0
very nice,Positive,Positive,Positive,Positive,Positive,5,5,5,5,5,5.0,5.0,5.0,5.0
super cute and decent quality,Negative,Positive,Positive,Negative,Negative,1,1,5,5,5,3.8,3.8,5.0,5.0
the stalkings are perfect quality and not to thin and are not see through bought to match my alice in wonderland costume and they are perfect,Neutral,Positive,Positive,Positive,Positive,5,5,5,5,5,5.0,5.0,5.0,5.0
i ordered this costume a week before the theme party it came just in time i ordered a size large because of  the reviews i can see where the costume does run small in the hip area however the bust and waist portion was baggy i pulled the dress up to shorten the length the costume was a hit i would definitely order from this company again,Neutral,Positive,Negative,Negative,Negative,1,1,5,1,5,3.8,3.8,5.0,3.8
over priced large for a 4 year old would just wobble around on his shoulders he would have to hold it with both hands when wearing it not very practical the boom mic is for show and only plays 2 recorded messages,Negative,Positive,Positive,Negative,Negative,1,1,5,5,1,1.0,1.0,2.2,2.2
rocks my face off,Negative,Neutral,Neutral,Negative,Negative,1,1,3,3,5,3.8,3.8,4.4,4.4
very cool but too big for a 3 year old a cub strap or something would help,Positive,Positive,Positive,Positive,Positive,5,5,5,5,3,3.5999999999999996,3.5999999999999996,3.5999999999999996,3.5999999999999996
i did have to pin the back together because it was too big but it looked so great for a cheap costume that i didnt even care so fun,Negative,Positive,Positive,Positive,Negative,5,1,5,5,5,5.0,3.8,5.0,5.0
i ordered by neck size what was sent was x size and they do not come close to being the same the shirt was of good qualitybut the size was wrong,Positive,Negative,Positive,Positive,Positive,5,5,1,5,5,5.0,5.0,3.8,5.0
weve used zutano hats from age 3 months to 18 months i wish that they had it in even larger sizes so we could stick with it as our daughter grows up we live on the beach so this gets used every day holds up to baby sand surf and washing,Positive,Positive,Positive,Positive,Positive,5,5,5,5,5,5.0,5.0,5.0,5.0
fit perfect wouldve gave 5 stars but the cape was to tight for my neck,Positive,Positive,Positive,Positive,Positive,5,5,5,5,5,5.0,5.0,5.0,5.0
"use it for tennis and walking around in the sun
dont go out without it have skin cancer
the only way iwould go out in the sun",Positive,Negative,Neutral,Positive,Positive,5,5,1,3,5,5.0,5.0,3.8,4.4
this was by far the greatest costume at this price i could find i loved this i actually taught a fitness class in this while it was hot because of the material it fit as expected the only thing i would change is the quality of the boot covers,Positive,Positive,Positive,Positive,Positive,5,5,5,5,5,5.0,5.0,5.0,5.0
bought 20 pairs for a theatre show one childs tights were way more orange than the rest so am reordering to see what we get,Positive,Neutral,Positive,Positive,Positive,5,5,3,5,5,5.0,5.0,4.4,5.0
"the quality of the costume is better than expected my height is 156m and i bought large because of the reviews the fit was perfect just a bit too long

recommended",Negative,Positive,Positive,Positive,Positive,5,5,5,5,5,5.0,5.0,5.0,5.0
reorderd in this l size  fits great and very comfortable  cool and great for casual  xl in this hat much too large even though  a breezer crushable with 4 brim was an xl it was only slightly large and used band liner to make hat fit slightly smaller and it works great  order best size for yourself per sizing chart but hats may vary enough to require a different size but dont let that frustrate you worth the patient when you get right fit  i happen to measure right at break point between l and xl so it sometimes takes trial and error  great hats and extremely satisfied,Positive,Positive,Positive,Positive,Positive,5,5,5,5,5,5.0,5.0,5.0,5.0
"when i received my ring it was very apparent that it was made incorrectly there was a huge gap between the diamond and the setting but only on one side i contacted customer service to see if this could be repaired and was told that since it was a purchase over 30000 i could only get a refund i advised them i would be overnighting the ring back and would wait for my refund after 7 days of waiting for my money i received a repaired ring which ended up looking just as bad as the first one it was the original ring that someone had poorly attempted to close the gap on the band not only was there still a gap but now one side of the ring sat higher than the other i immediately called customer service because i did not ask for another ring to be sent and explained that i had been waiting for a refund the rep that i spoke to said he didnt see any documentation of a new ring being shipped or the old one being repaired he told me that he would call me first thing the next morning after speaking to some of his colleagues to get this resolved i waited 2 days and still had not heard anything so i called again i spoke to a different rep who assured me i would have my refund the next day i told her that i had already been waiting almost two weeks for this refund she said she would put a rush on it but that never happened i never did hear back from the 2 reps that i spoke with as they both promised to call me with an update after waiting over 3 weeks i finally received my refund my experience with amazon was horrible not only was the product poorly constructed but the customer service department was no help at all they made several promises that they did not keep and never made an attempt to keep me informed with the status of my issue buyers beware thank you for taking the time to read this
m ebel",Positive,Positive,Negative,Positive,Positive,5,5,5,1,1,2.2,2.2,2.2,1.0
this robe is just what i wanted it is thick and soft and oh so cozy the length is good for me between ankle and calf im pretty short there is a lot of material through the middle it is definitely not formfitting or terribly sexy but i think its awesome since i got it i seem to be in it whenever im home,Positive,Positive,Positive,Positive,Positive,5,5,5,5,5,5.0,5.0,5.0,5.0
my four year old loves it but has to hold it on her head the entire time its too big for her head it fits my head better the visor wont stay close and weve only had it for 12 hours,Positive,Positive,Positive,Positive,Positive,5,5,5,5,1,2.2,2.2,2.2,2.2
,Positive,Neutral,Neutral,Positive,Positive,5,5,3,3,5,5.0,5.0,4.4,4.4
it is not worth the money sound is muffled through a cheap speaker the visor is cheap and falls off easy wouldnt buy it again diffently cheap not worth it,Neutral,Positive,Positive,Neutral,Neutral,3,3,5,5,1,1.6,1.6,2.2,2.2
cheap no structural support and looked awful on  im pretty sure linda carters costume was formfitting,Positive,Negative,Positive,Positive,Positive,5,5,1,5,1,2.2,2.2,1.0,2.2
these are an exact replacement for the windows in a rolf credit card wallet good value,Positive,Positive,Positive,Positive,Positive,5,5,5,5,5,5.0,5.0,5.0,5.0
nice shirts,Positive,Positive,Positive,Positive,Positive,5,5,5,5,5,5.0,5.0,5.0,5.0
great costume fit perfectly,Neutral,Positive,Positive,Positive,Positive,5,5,5,5,5,5.0,5.0,5.0,5.0
the replacement window sets for my rolf wallet are perfect  just what i was looking for  the price was great the shipping was fast and purchasing was an easy transaction  i will order again when i need new replacements,Positive,Positive,Positive,Positive,Positive,5,5,5,5,5,5.0,5.0,5.0,5.0
"i am ordering more of these today and was suprised to see negative reviews so i felt compelled to give them some positive feedback i have never been pinched or attacked or had any other bad experience with these shapers  on the contrary i love them

i simply squeeze them when i put them into my boots and then pull the hanger to get them out  they have been very simple for me to use

thanks",Positive,Positive,Positive,Positive,Positive,5,5,5,5,5,5.0,5.0,5.0,5.0
i read the reviews thank you that it ran on the small side so i ordered a size larger for my daughter who is tall and thin it is short which is shown in the picture but a delightful purchase,Positive,Positive,Positive,Positive,Positive,5,5,5,5,5,5.0,5.0,5.0,5.0
fit my 10 year old grandson loves it,Neutral,Positive,Positive,Negative,Negative,1,1,5,5,5,3.8,3.8,5.0,5.0
these are the only earrings that have not caused an allergic reaction and they are very pretty too,Positive,Positive,Positive,Negative,Negative,1,1,5,5,5,3.8,3.8,5.0,5.0
rationale behind my rating 4 stars for material cut shirt length and sleeve length 0 stars for the v being too low cut background information im 58 at a buck55 in weight with a regular build i might buy this again but im not sure,Positive,Negative,Negative,Positive,Positive,5,5,1,1,5,5.0,5.0,3.8,3.8
i was disappointed because i was supposed to get one white one grey and one black shirt and all three were white could not be botthered to exchange they were not as long as i would have liked am female and wear them as nightsirts theyhave to do  sc,Neutral,Negative,Negative,Positive,Positive,5,5,1,1,1,2.2,2.2,1.0,1.0
my grandson loved these shoes drove his parents crazy as they have wood floors,Positive,Positive,Positive,Positive,Positive,5,5,5,5,5,5.0,5.0,5.0,5.0
these seem to be good quality shirts  the v is just the right depth and the shirts are wellmade with good material  however i ordered a medium and the size appears to be quite large  i washed and dried them hoping that they would shrink    and they didnt  if youre debating between two sizes i suggest ordering the smaller one,Positive,Positive,Positive,Positive,Positive,5,5,5,5,5,5.0,5.0,5.0,5.0
i ordered a size m knowing it might be a little large because it is easier to make it smaller where needed it is definitely made for a taller woman  i am 5 tall so it was quite long otherwise it was nicer than expected,Positive,Positive,Negative,Positive,Positive,5,5,5,1,5,5.0,5.0,5.0,3.8
i love these boots,Positive,Positive,Positive,Positive,Positive,5,5,5,5,5,5.0,5.0,5.0,5.0
purchased this hat for my husband who wanted a hat that would protect his face and ears from the ferocious florida sun he likes it very much although when it first arrived it seemed just a little snug hes decided it wasnt too tight after wearing it for a while and decided to keep it,Negative,Positive,Positive,Negative,Positive,1,5,5,5,5,3.8,5.0,5.0,5.0
husband loves this  excellent quality,Positive,Positive,Positive,Positive,Positive,5,5,5,5,5,5.0,5.0,5.0,5.0
i purchased these for my two small granddaughters to put a small silver cross on  they will be given to them in april on their birthdays  they are very pretty,Positive,Positive,Negative,Positive,Positive,5,5,5,1,5,5.0,5.0,5.0,3.8
great shoes fit perfect my old bostonians needed a rest and these new ones fit great the order was filled promptly,Positive,Positive,Positive,Positive,Positive,5,5,5,5,5,5.0,5.0,5.0,5.0
a little larger then i was expecting but a pretty nice shirt,Positive,Positive,Positive,Positive,Positive,5,5,5,5,5,5.0,5.0,5.0,5.0
since most said it ran a little large i ordered a small i am 58 and wear a size 8 it fits as expected,Positive,Neutral,Positive,Positive,Positive,5,5,3,5,5,5.0,5.0,4.4,5.0
been using for a week for morning commute and so far its fantastic its roomy enough to cary a laptop laptop power cable and mouse large thermos three ring binder a portfolio a thick book and a box of kashi bars all with some room to spare the strap isnt fantastic and it usually starts to slide off of one shoulder so i wear it across my chest quality is good its sturdy and durable and so far nothing is fraying or coming appart the style is nothing amazing but for 30 this bag has a lot of utility,Positive,Positive,Positive,Positive,Positive,5,5,5,5,5,5.0,5.0,5.0,5.0
it is smaller than what i was expecting the zipper compartment is not big enough ,Neutral,Neutral,Neutral,Neutral,Positive,3,5,3,3,3,3.0,3.5999999999999996,3.0,3.0
i am very impressed with the quality for the price ordered an xlarge be because they said it ran small i wear a 10 fits pretty good,Positive,Positive,Positive,Positive,Positive,5,5,5,5,5,5.0,5.0,5.0,5.0
great hat,Positive,Positive,Positive,Positive,Positive,5,5,5,5,5,5.0,5.0,5.0,5.0
my 11 year old loves it  it fits me too so we might have to share,Positive,Positive,Positive,Positive,Positive,5,5,5,5,5,5.0,5.0,5.0,5.0
horrible fit extremely boxy and baggy fit not slim fit at all im a size 38 athletic build and purchased a 15 x 3233 and 155 x 3233 and it fit like a size 48,Positive,Positive,Positive,Positive,Positive,5,5,5,5,1,2.2,2.2,2.2,2.2
i read the reviews on this and dont have any of the problems noted  they are simple to put into a boot and then hold them up perfectly  if you try to fuss with them too much i guess they could cause problemsbut i havent had an issues myself,Positive,Positive,Positive,Positive,Positive,5,5,5,5,5,5.0,5.0,5.0,5.0
good quality i like how these tshirts fits on me no more to say,Positive,Positive,Positive,Positive,Positive,5,5,5,5,5,5.0,5.0,5.0,5.0
the only thing i can say id prefer different is a lobster clasp as this one is small and hard to put on with nails but it is hands down the best price on a sterling silver quality chain and i will return to this seller for more items  i cannot wear gold or platinum as it turns my skin black on contactso since i like quality great silver and awesome buys always make me a very hapopy girl  i recieved this as a gift and was very pleased ,Positive,Positive,Positive,Positive,Positive,5,5,5,5,5,5.0,5.0,5.0,5.0
would give this pretty little hat a five star if not for the tiewish it had velcro instead2month old baby hates it tied but is ok with the hat in general,Positive,Positive,Positive,Positive,Positive,5,5,5,5,5,5.0,5.0,5.0,5.0
great travel kit holds a lot love the leather looks great  really like it,Positive,Positive,Positive,Positive,Positive,5,5,5,5,5,5.0,5.0,5.0,5.0
was missing parts of the outfit,Negative,Negative,Negative,Positive,Negative,5,1,1,1,3,3.5999999999999996,2.3999999999999995,2.3999999999999995,2.3999999999999995
love them  i wear the to the gym to sleep in to run to the market in  they always fit and i really like these blue ones  i normally get white  oh and by the wayim a 60 woman and i look really cute in calvin klein tshirts  ,Positive,Positive,Positive,Positive,Positive,5,5,5,5,5,5.0,5.0,5.0,5.0
keeps boots upright and easy to clean shoe while shaper is in i have bought many pairs and they have all lasted 10 years plus,Positive,Positive,Positive,Positive,Positive,5,5,5,5,5,5.0,5.0,5.0,5.0
it was great,Positive,Positive,Positive,Positive,Positive,5,5,5,5,5,5.0,5.0,5.0,5.0
great fit works great under dress shirt due to the thin nature of the shirt the vneck isnt to deep washed up very well no shrinkage or wrinkles,Neutral,Positive,Positive,Positive,Positive,5,5,5,5,5,5.0,5.0,5.0,5.0
"the henschel hat i received was a perfect fit and every thing i could hope for its just what i needed for protection from the sun on the golf course where i play almost every day

thank you for the quick service and a wonderful product

allen a
ark",Positive,Positive,Positive,Positive,Positive,5,5,5,5,5,5.0,5.0,5.0,5.0
this is the only hat my daughter has will keep on its super soft and seems to be very breathable,Positive,Positive,Positive,Positive,Positive,5,5,5,5,5,5.0,5.0,5.0,5.0
the chain came just as described in a cute little silver box  its in excellent condition and i can tell that its high quality definitely worth it for the price i got the 16but i wish i would have gotten the 18 so it could be a bit longer the 16 is too short for my style but still high quality,Positive,Positive,Positive,Positive,Positive,5,5,5,5,5,5.0,5.0,5.0,5.0
quite a nice shirt,Negative,Positive,Positive,Positive,Positive,5,5,5,5,5,5.0,5.0,5.0,5.0
the 30 sterling silver box chain was well made  it arrived on time and was even better than i had expected  i would definitely recommend this seller to others  this was an a1 experience  thank you for a seamless transaction,Positive,Positive,Positive,Positive,Positive,5,5,5,5,5,5.0,5.0,5.0,5.0
"nice for the price but they fall down i was constantly pulling them up all day purchased for halloween and they worked well but
i would not want to wear them for every day",Neutral,Positive,Positive,Positive,Positive,5,5,5,5,3,3.5999999999999996,3.5999999999999996,3.5999999999999996,3.5999999999999996
this item is very nice i ordered the 30 inch and it came out just as i expected and it is new and shiny,Positive,Positive,Positive,Positive,Positive,5,5,5,5,5,5.0,5.0,5.0,5.0
"do you hate having the sun beat down on you and then sweating buckets because your hat doesnt let your head vent  i do and in the summer spend a good amount of time outside and on the water where the suns rays really start to cook you  i can also vouch the the keeper strap will keep your hat with you and not floating away somewhere

this hat is crushable breathable and after 1 years use looks as good as the day it arrived  plus this is a quality product made here in the us of a",Positive,Positive,Positive,Positive,Positive,5,5,5,5,5,5.0,5.0,5.0,5.0
love this hat the mesh top allows the air to flow and the wide brim does an awesome job at keeping the sun off your face and neck quite durable too,Positive,Positive,Positive,Positive,Positive,5,5,5,5,5,5.0,5.0,5.0,5.0
excelente quede complacido con el producto proximamente espero poder seguir realizando compras de este estilo gracias por todo feliz ao,Positive,Neutral,Neutral,Positive,Positive,5,5,3,3,5,5.0,5.0,4.4,4.4
ive had my eye on this ring for a while  finally last weekend i decided to buy it  it arrived yesterday and all i can say is wow  its absolutely gorgeous  the colors are beautiful and play the light very well just wait til you see it in natural sunlight  i wear it on my middle finger and its comfortable  what a unique piece of jewelry  dont hesitate to buy this ringits gorgeous and the price is right,Positive,Positive,Positive,Positive,Positive,5,5,5,5,5,5.0,5.0,5.0,5.0
this was a better gift then i thought it would be i t was more beautifull in person then the picture ,Positive,Positive,Positive,Positive,Positive,5,5,5,5,5,5.0,5.0,5.0,5.0
our 8yearold has used this quite a bit in the six months weve had it  admittedly shes not rough on her toys but it has held up well to what id consider regular play  she is quick to make sure people arent handling it wrong when she lets friends or family play with it,Positive,Positive,Positive,Positive,Positive,5,5,5,5,5,5.0,5.0,5.0,5.0
exactly as described,Positive,Neutral,Positive,Positive,Positive,5,5,3,5,5,5.0,5.0,4.4,5.0
good tux shirt for a waiter no so much for a ball,Positive,Positive,Positive,Positive,Positive,5,5,5,5,3,3.5999999999999996,3.5999999999999996,3.5999999999999996,3.5999999999999996
cute  quality outfit completely worth the little extra money and leaps and bounds better than the brick and mortar places you drive to the legging things that make up the boots was the only thing that ran a little big but a few quick whip stitches and it was perfect,Negative,Positive,Positive,Neutral,Neutral,3,3,5,5,5,4.4,4.4,5.0,5.0
had purchased another brand same size large but were cut shorter just enough to be annoying ck size large is perfect 59 188lbs,Positive,Negative,Positive,Positive,Positive,5,5,1,5,5,5.0,5.0,3.8,5.0
i bought 2 plastic insert folios and they both cracked and separated within 3 weeks of use,Negative,Neutral,Neutral,Negative,Positive,1,5,3,3,1,1.0,2.2,1.6,1.6
fabric is stretchier than i had expected and the shirt fits on the small side,Positive,Neutral,Negative,Positive,Positive,5,5,3,1,3,3.5999999999999996,3.5999999999999996,3.0,2.3999999999999995
very poor fit,Positive,Negative,Negative,Positive,Positive,5,5,1,1,1,2.2,2.2,1.0,1.0
i ordered this as an impulse buy about a month before halloween and i do not regret it it fits exactly as in the picture im 5556and 130135 pounds and it looks super cute i wish it came with gloves but i will just buy those and fishnet stockings separately making it still cheaper than comparable outfits at halloween or party supply stores,Neutral,Positive,Positive,Positive,Negative,5,1,5,5,5,5.0,3.8,5.0,5.0
you need an automatic watch winder if you have more than one automatic watch  this product is very adequate and relatively inexpensive  i use it 247  it keeps my watches wound so i dont have to reset every time i chose to switch the watch i am wearing  you could pay more money and get better quality wood and interior fabric  however this product is attractive functional and practical  it meets my needs and i am happy with the purchase,Positive,Positive,Positive,Positive,Positive,5,5,5,5,5,5.0,5.0,5.0,5.0
i purchased this bag for my partner who is pursuing college he absolutely loves this bag there are a number of zippered compartments on the body of the bag the front flap also has a small pocket for easy access externally which is secured by clips that attach to the bottom of the bag beneath the flap is another zippered compartment that is very handy it has a number of pockets a key ring among other areas to keep yourself organized this zippered area provides a secure place to carry a  wallet or music player without having the worry of being pickpocketed we live in chicago and this is a wonderful commuter bag as well the strap has an adjustable pad for heavier loads as well as a padded back for wearing while biking there is also a netted external pouch for bottles the main compartment of the bag is secured by a long zipper that runs the length of the opening and also has a padded divider for occasionally transporting any size laptop it was money well spent as hell be sure to use the bag for years to come i hope this helps in your decision,Positive,Positive,Positive,Negative,Negative,1,1,5,5,5,3.8,3.8,5.0,5.0
i bought this for my son and he absolutely loves it  the color khaki is great its adjustable chin strap is wonderful it flattens down nicely for packing and the mesh insert does a good job of keeping his head cool  we are very happy with this purchase and would definitely recommend buying this highquality hat,Positive,Positive,Positive,Positive,Positive,5,5,5,5,5,5.0,5.0,5.0,5.0
"the quality of this product is disappointed add to that this is made for big guys
i am 59 tall and wide shoulder but too big for me",Positive,Negative,Negative,Positive,Positive,5,5,1,1,1,2.2,2.2,1.0,1.0
this helmet was a hit  the countdown audio is fantastic and the helmet is worth the money  please be aware the helmet is largemy 4yr old used it for his astronaut costume last halloween but had to keep is hand on one side of the helmet to prevent it from moving around  me his mother can wear the helmet comfortably so that gives you an idea of the size  nevertheless the helmet was key to making the costume adorable so i would buy it again,Positive,Positive,Positive,Positive,Positive,5,5,5,5,5,5.0,5.0,5.0,5.0
quality shoes and great fit made this purchase perfect,Positive,Positive,Positive,Positive,Positive,5,5,5,5,5,5.0,5.0,5.0,5.0
great t shirt i love it,Positive,Positive,Positive,Positive,Positive,5,5,5,5,5,5.0,5.0,5.0,5.0
great costume better a little loose than too tight and unwearable,Positive,Positive,Positive,Positive,Positive,5,5,5,5,5,5.0,5.0,5.0,5.0
this works so very good to keep your cig lighter ans anything else you may want to eep in it,Positive,Positive,Positive,Positive,Positive,5,5,5,5,5,5.0,5.0,5.0,5.0
holds my cigarettes and it is durable and looks great,Positive,Positive,Positive,Positive,Positive,5,5,5,5,5,5.0,5.0,5.0,5.0
the costume was disappointing bc it was way too big i am 59 and 140 lbs and i ordered a medium it was so big it looked ridiculous i had to return it i would err on the side of ordering small if you are comfortable with it the material itself seems like it was good quality though and you get a lot with the costume for your money i was sorry that it didnt work out like expected,Negative,Positive,Negative,Positive,Positive,5,5,5,1,3,3.5999999999999996,3.5999999999999996,3.5999999999999996,2.3999999999999995
outfit was a bit smaller then i expected,Positive,Neutral,Negative,Positive,Positive,5,5,3,1,1,2.2,2.2,1.6,1.0
i got a size up from what i normally wear as recommended by the other reviews unfortunately for me it seems true to size so ended up returning it due to it being too big on me im 110 lbs and size small was too big,Positive,Positive,Negative,Positive,Positive,5,5,5,1,5,5.0,5.0,5.0,3.8
this helmet mad my twins halloween costume perfect they received so many compliments,Positive,Positive,Positive,Positive,Positive,5,5,5,5,5,5.0,5.0,5.0,5.0
i reviewed another robe as being too big but this robe is perfect this the full 58 long so it reaches the tops of ny feet when i stand 56 tall im washing it for the first time right now but i expect good things the robe is deliciously soft and cuddly warm i love everything about this robe i wish there was a pale green color,Positive,Positive,Positive,Positive,Positive,5,5,5,5,5,5.0,5.0,5.0,5.0
i really like this chain it is very comfortable doesnt tangle easily has a secure clasp and looks great it would make a great gift i will be ordering more at various lengths as the chain will compliment several necklaces i already have amy,Positive,Positive,Positive,Positive,Positive,5,5,5,5,5,5.0,5.0,5.0,5.0
so awesome my son loved it,Positive,Positive,Positive,Positive,Positive,5,5,5,5,5,5.0,5.0,5.0,5.0
good quality  works well  if it were just an inch bigger,Positive,Positive,Positive,Positive,Positive,5,5,5,5,3,3.5999999999999996,3.5999999999999996,3.5999999999999996,3.5999999999999996
like them i will order a smaller size next time,Positive,Positive,Neutral,Positive,Positive,5,5,5,3,5,5.0,5.0,5.0,4.4
the outside pocket isnt wide enough for my needs but these are so hard to find anymore,Positive,Negative,Negative,Positive,Positive,5,5,1,1,5,5.0,5.0,3.8,3.8
bought two of these for 7 month old twins  they are a little bit large on the girls but theyll grow into them  the tie keeps the hat in place hat washes beautifully and definitely keeps the sun out of their eyes,Positive,Positive,Positive,Positive,Positive,5,5,5,5,5,5.0,5.0,5.0,5.0
loved the flapper dress and won 1st place in costume ,Positive,Positive,Positive,Positive,Positive,5,5,5,5,5,5.0,5.0,5.0,5.0
material is very thin for a shirt to look good and also they are very longso the sign lg is probably xl,Positive,Positive,Positive,Positive,Positive,5,5,5,5,3,3.5999999999999996,3.5999999999999996,3.5999999999999996,3.5999999999999996
"we bought this for my husband he wears a 7 18 hat he could not even get this hat on otherwise it looks like a nice product

update work wear savings the company through which the hat was purchased sent me a return label the same day i called to say the hat was too small they would send me a large hat when the other had arrived at their returns dept after over 2 weeks i had not had any email update i called the company learned they had received the returned hat but that a large hat would not be available until july 14 my complaint why did they or amazon not notify me by email i do not feel ive gotten good customer service",Positive,Positive,Positive,Positive,Positive,5,5,5,5,1,2.2,2.2,2.2,2.2
"i have all hardwood floors in my house and wantedneeded a good pair of shoes to wear in the house that would support my feet
these are great they arrived timely and are exactly what i needed plus they are very reasonably priced for having the comfort and benefits of birkenstocks but without the birkenstock price",Positive,Positive,Positive,Positive,Positive,5,5,5,5,5,5.0,5.0,5.0,5.0
the earphone was missing which contains the power portion of the helmet hopefully they will accept the return i paid a lot for it,Positive,Positive,Negative,Positive,Positive,5,5,5,1,1,2.2,2.2,2.2,1.0
"the top of this boot is 14 inches in diameter size 9 if your calf is 14 to 15 inches it should fit fine any more than that it does not look good with the lace loops getting farther apart toward the top of the boot they run a bit small so get a half size or one size larger the boot is made well i wish it would have fit a little more information about the top diameter would have been helpful we will be sending the boots back

edit there was no streching the boots we got i dont know if they sent the wrong boots",Negative,Positive,Positive,Positive,Positive,5,5,5,5,5,5.0,5.0,5.0,5.0
worth the price,Neutral,Positive,Positive,Positive,Positive,5,5,5,5,5,5.0,5.0,5.0,5.0
tshirts are not the size expected for a size l they are too big,Neutral,Positive,Negative,Positive,Positive,5,5,5,1,1,2.2,2.2,2.2,1.0
super cute socks and comfortable perfect for my 1950s themed train ride,Positive,Positive,Positive,Positive,Positive,5,5,5,5,5,5.0,5.0,5.0,5.0
"this was shipped super fast thanks to amazon prime i may never buy a costume in the store again this was a great buy for the low price it was almost 60 in the halloween stores here

the quality is nice i got the black its not sheer which i was afraid of so no slip needed all of the tassles are attached i may go buy a new headpiece this one is a little dinkybut for 20 whatever

beware of the sizing i am 57 135140 lbs i ordered a large after reading reviews and the large fits me almost perfect in the hips because i have larger hips but the waist bust and shoulders are a little too loose i should have ordered a medium",Positive,Positive,Positive,Neutral,Positive,3,5,5,5,5,4.4,5.0,5.0,5.0
"these shirts are great vnecks that fit perfectly are comfortable and look great

they can be used as a black undershirt if ever needed but i love to wear these as every day shirts  the nice cotton design is comfortable and washes great after many washes i still find the shirt to be comfortable and fit the same way as always the first washdry might make it  like all shirts  shrink a little

these are some of my favorite shirts to wear and i wear them all the time

they fit as you would expect i purchased medium as i purchase medium shirts always and it fit as it should  at first it was a little too big but after the first washdry it shaped properly and fits perfectly now

the material is thick and it doesnt feel cheap at all while it is nice and soft and great for sleeping in too your significant other will love the softness of the material

when i purchased them they were on sale and a great value  but even at regular price these shirts are definitely a great buy and can be worn as an every day shirt as a black under shirt or as a nice comfortable at homenight shirt  i have recommend these and the white versions as undershirts to my friends and purchase new ones every so often when i lose them or people take them

lastly they are made to last i have had some of these for more than a year coming up on almost two years actually and they still look great and fit perfectly  after about a year i usually retire them to night shirts and get new fresh ones as i tend to stain them here and there and wear them so much that i like to purchase fresh ones to wear out  dont dont let that make you think they dont last i could absolutely still wear them out if i wanted to

calvin klein is a great brand and makes great vnecks in all colors",Negative,Positive,Positive,Negative,Negative,1,1,5,5,5,3.8,3.8,5.0,5.0
"bottom line the quality is pretty poor the skirt is basically plastic it just wasnt well constructed at all even for the price

i thought i could potentially pull this off for my sons super hero birthday party since reviews stated the skirt was long and the boot covers were pretty high however the top is very large and wouldnt stay in place the neck to the cape was tight and uncomfortable the skirt was awful and made my hips look about 3 times as big it just was not good  not for any occasion

i bought a wonder woman tshirt with a cape that i was much happier with and the party was a hit ",Negative,Positive,Negative,Neutral,Neutral,3,3,5,1,1,1.6,1.6,2.2,1.0
"fit well im 342535
but it started to fade on the back and the zipper pull broke after one wear wore it a total of 3 times and had tons of issues during the third wearing",Negative,Negative,Positive,Positive,Positive,5,5,1,5,3,3.5999999999999996,3.5999999999999996,2.3999999999999995,3.5999999999999996
their last name is bearpaw so i thought they should have them nicely crafted and beautiful we all love turquoise,Positive,Positive,Positive,Positive,Positive,5,5,5,5,5,5.0,5.0,5.0,5.0
the warnings about the dress being a size smaller than stated is true i got a small and it just barely went over my hips when usually small sizes are a little baggy for me so keep that in mind some tassles fell off here and there but not a ton and it wasnt noticeable the tassles are pretty cool and swing around a lot which looks nice i didnt use the headband that came with it since i wanted a nicer one the headband looked cheap compared to the dress,Positive,Positive,Positive,Positive,Positive,5,5,5,5,5,5.0,5.0,5.0,5.0
a very good purchasing exepriencewhich beyond my expection,Positive,Positive,Positive,Positive,Positive,5,5,5,5,5,5.0,5.0,5.0,5.0
these vneck shirts can and will transform almost any outfit into one which kicks ass i was surprised as to how well they fit for the price,Negative,Positive,Positive,Negative,Negative,1,1,5,5,5,3.8,3.8,5.0,5.0
"these shoes get the job done if you dont have the money for a pair of allen edmonds and you still want wingtip oxfords these are a decent alternative

mine began to have a very noticeable crease on the top middle area after a few weeks of wear this is even when using shoe trees after every wear and polishing once a week it is much more pronounced in one shoe than the other im not particularly knowledgeable of what having very flat feet can do to the contours of a shoe but i wouldnt be surprised if my feet exacerbated the process

they arent very comfortable but that could be due to the reason above and might be able to be remedies with a good pair of powerstep orthotic inserts",Negative,Negative,Positive,Positive,Positive,5,5,1,5,3,3.5999999999999996,3.5999999999999996,2.3999999999999995,3.5999999999999996
the dress is perfect not to long or short i ordered this for a party that i am planning on attending and it is going to be perfect for the 20s theme the sizing chart was a little off so at first i ordered this dress a size smaller than i actually needed but they sent me a replacement withing just a few days great company and great product,Positive,Positive,Positive,Positive,Positive,5,5,5,5,5,5.0,5.0,5.0,5.0
this robe is so lightweightso very soft inside and outsideand such a pretty blue that it feels like wearing clouds awesome find,Negative,Positive,Positive,Negative,Negative,1,1,5,5,5,3.8,3.8,5.0,5.0
i absolutely love this chain and am extremely pleased with it i also am pleased with the very fast and excellent service i received i intend to buy more of these chains for some pendants i have they are an excellent buy,Positive,Positive,Positive,Positive,Positive,5,5,5,5,5,5.0,5.0,5.0,5.0
very cute for my 50s costume,Positive,Positive,Positive,Positive,Positive,5,5,5,5,5,5.0,5.0,5.0,5.0
the hat arrived double boxed and in perfect condition i like the hat a lot i really need a 2xl but xl was the biggest offered im thinking about putting my head on a diet and keeping the hat its that nice,Positive,Positive,Positive,Positive,Positive,5,5,5,5,5,5.0,5.0,5.0,5.0
i did a fair amount of research for a good hat for golf without paying a huge price for it  this hat is good quality and the price including shipping was fair and lower than anything else that i could find  plus i knew that amazon would stand behind it,Positive,Positive,Positive,Positive,Positive,5,5,5,5,5,5.0,5.0,5.0,5.0
awful  lol oh man just awful  okay so the large is meant for someone 200lbs 5 feet tall top but the skirt was way too long  so weird  it was like a foam top that didnt stay up  the skirt was 2 sizes too big compared to the top  i tried to see it to fix it  ugh needless to say i threw it away  total waste of money,Negative,Negative,Negative,Negative,Negative,1,1,1,1,1,1.0,1.0,1.0,1.0
i work in several schools and bought this bag to carry materials with me  i love the many pockets and water bottle holder  it is also comfortable to wear  it is a very good size almost too big for my needs but overall i am pleased,Positive,Positive,Positive,Positive,Positive,5,5,5,5,5,5.0,5.0,5.0,5.0
returned too small reordered,Positive,Neutral,Negative,Positive,Positive,5,5,3,1,5,5.0,5.0,4.4,3.8
"this is to be a christmas gift  my initial inspection was favorable  it arrived quickly and is exactly what i ordered

thank you",Positive,Positive,Positive,Positive,Positive,5,5,5,5,5,5.0,5.0,5.0,5.0
bought this for my husband because he wanted an ankle length robe  it is nice and longit comes to just above his ankles  its very warm too  if you email the seller they will help you with sizing which i found very helpful,Positive,Positive,Positive,Positive,Positive,5,5,5,5,5,5.0,5.0,5.0,5.0
really cute socks  am planning to wear them again during the upcoming holidays with heels,Positive,Positive,Positive,Positive,Positive,5,5,5,5,5,5.0,5.0,5.0,5.0
fantastic hat and can stuff it in tight places,Positive,Positive,Positive,Positive,Positive,5,5,5,5,5,5.0,5.0,5.0,5.0
"got the 3 shirts 1 had a weird issue with the neck hole skewing off to the side
it may have been miscut or missewed but whatever it is it looked bad

only 2 of the 3 shirts are worthwhile",Positive,Negative,Negative,Positive,Positive,5,5,1,1,1,2.2,2.2,1.0,1.0
i have really enjoyed my boot shapers the ones that i got were pink the shaper part is a hard plastic material only thing is be careful inserting the shapers since it has a metal piece and i have read that sometimes it can snap back at you mine have not done that yet,Positive,Positive,Positive,Positive,Positive,5,5,5,5,5,5.0,5.0,5.0,5.0
"i wore this shirt casually without a tie and top button open and this shirt fit me well i have an athletic build so it was a little loose on the waist and stomach area but thats to be expected from a shirt that isnt a slim fit design

my neck size is between a 15 12  16 and i ordered the 15 12 neck size this dropped me into a medium size shirt as opposed to a large which would have been way too big the collar button extends a bit and when i tried it i was still able to close the shirt comfortably my advice is if youre on the border of 2 neck sizes go with the smaller neck size because the shirts come in a size sml etc with the appropriate arm length",Positive,Positive,Positive,Positive,Positive,5,5,5,5,5,5.0,5.0,5.0,5.0
fits perfect looks perfect,Positive,Positive,Positive,Positive,Positive,5,5,5,5,5,5.0,5.0,5.0,5.0
well put together costume was suprised of its weight i love it if you are big busted go up a size though,Positive,Positive,Positive,Positive,Positive,5,5,5,5,5,5.0,5.0,5.0,5.0
bought this for my lady as a gift to go with some other stuff very pretty chain and she loves it,Positive,Positive,Positive,Positive,Positive,5,5,5,5,5,5.0,5.0,5.0,5.0
i had been searching for a silver box chain that was long enough for my husband to wear  this one was perfect for his cross pendent  you cant beat the price and the shipping was fast also  great buy i would recommend this seller,Positive,Positive,Positive,Positive,Positive,5,5,5,5,5,5.0,5.0,5.0,5.0
my husband loves calvin klein tshirts because the fit is just right and they are a little bit longer than other brands this one is a winner in our house,Positive,Positive,Positive,Positive,Positive,5,5,5,5,5,5.0,5.0,5.0,5.0
these are very handsome wellmade wingtips i have recently become a big fan of bostonian shoes and i have always been partial to clarks anyway they are quite comfortable but do require some breakingin i wore them around the house for about a week before wearing them outside they are stiff but it is important to remember that wingtips are supposed to be stiff the toecap and wings longwings on these shoes are there to make the shoe sturdier than standard oxfords the stiffness will ease over time these are clearly shoes that are meant to last the leather sole gives excellent support and the slightly padded insole makes these very comfortable walking shoes the burgundy colour oxblood is beautiful and the leather has a very nice finish they run a bit small i usually wear 85 though sometimes 9 with thicker walking socks i wear a 9 in these with thin socks,Positive,Positive,Positive,Positive,Positive,5,5,5,5,5,5.0,5.0,5.0,5.0
"face it every wide brim hat is not exactly a style statement but many are flat out dorky and ugly  this one however i love  it looks like a fedora not a sun hat  and as to doing its job of sun protection it is very good  the brim keeps sun off of my face and neck areas where i have had to have squamous cells removed my body temperature is cooler with the hat on than off the open mesh allows heat to escape and for any breeze to cool my head
my only possible caveat the mesh is a fairly open weave if one is bald and must keep sun from the crown of the head then it could be a problem  the top of the hat is solid and will protect from the noonday sun the mesh would only be an issue for earlylate sun coming in at an angle",Positive,Positive,Positive,Positive,Positive,5,5,5,5,5,5.0,5.0,5.0,5.0
sadly i choose to ignore the other postings about this being a very large helmut my four year old was totally smitten once he saw the photograph of this and he was so excited to get it it is huge absolutely unbearably huge causes much frustration and sadness in my son it is big on his dad i tried to fit it with foam strips but that didnt work it is just that huge also the price really,Neutral,Positive,Positive,Negative,Positive,1,5,5,5,1,1.0,2.2,2.2,2.2
my grandson loves these boots and they fit perfect,Positive,Positive,Positive,Positive,Positive,5,5,5,5,5,5.0,5.0,5.0,5.0
this case is perfect u get a free armband and it comes with a beltclip thats cool the black one looks awesome it protects everthing it comes with a screen protector and it protects the whole ipod body this is also a good case cuz it dont take alot of space in ur pocket its a pretty awesome case i use it when i run  and sometimes when im  playing basket ball with my friends if u love ur ipod and u dont want it to get all scratched this is a good case for that,Negative,Positive,Positive,Positive,Positive,5,5,5,5,5,5.0,5.0,5.0,5.0
just the thing for pirate fest still have it a year later,Positive,Neutral,Neutral,Positive,Positive,5,5,3,3,5,5.0,5.0,4.4,4.4
i bought this chain for my mom for mothers day and she loved it the chain looks very nice and goes great with her charms,Positive,Positive,Positive,Positive,Positive,5,5,5,5,5,5.0,5.0,5.0,5.0
it definitely runs large but honestly it didnt bother me too much i wish i would have ordered a size down but because i am so tall i wanted it to be a little longer it works perfectly for a 20s themed party nothing too fancy but still a solid costume piece,Positive,Positive,Positive,Positive,Positive,5,5,5,5,5,5.0,5.0,5.0,5.0
purchased this same hat 14 years ago and it wore like iron through much yard work which caused me to purchase another that looked a little more presentable  this ones material is not as heavy duty as first but only time will tell if it stands up,Positive,Positive,Positive,Positive,Positive,5,5,5,5,5,5.0,5.0,5.0,5.0
fit as expected,Positive,Positive,Positive,Negative,Negative,1,1,5,5,3,2.3999999999999995,2.3999999999999995,3.5999999999999996,3.5999999999999996
i ordered this for a roaring twenties party and am normally a size 14  i ordered the extra large and could barely get it over my head  this runs very small  i will be returning it due to the size issuebut i loved the dress and it seemed to be well made,Positive,Positive,Positive,Positive,Positive,5,5,5,5,3,3.5999999999999996,3.5999999999999996,3.5999999999999996,3.5999999999999996
my daughter needed this for a costume party  it was perfect great price,Positive,Positive,Positive,Positive,Positive,5,5,5,5,5,5.0,5.0,5.0,5.0
this bag meet my expectations and then some i am able to load into it about 20lbs of stuff and it still holds its shape and doesnt show signs of distress i love this bag,Positive,Positive,Positive,Positive,Positive,5,5,5,5,5,5.0,5.0,5.0,5.0
this was a gift to my brother law and he like it now every year on xmas i know what to get him,Positive,Positive,Neutral,Positive,Positive,5,5,5,3,5,5.0,5.0,5.0,4.4
great fun socks to wear with a summer dress  adds pizzaz  love em,Positive,Positive,Positive,Positive,Positive,5,5,5,5,5,5.0,5.0,5.0,5.0
the costume runs very large definitely buy one or two sizes smaller the boots dont stay in place but overall the costume was  good quality and comfortable,Negative,Positive,Positive,Negative,Positive,1,5,5,5,5,3.8,5.0,5.0,5.0
"i really didnt like that it was all air sealant it seemed like it was left in the heat for a while cause it was all stuck together causing it to have discolor ex in certain parts of it
i really didnt like that the head band is all funky where one side sticks out and the other is sowed on the star on the head band has paper stuck to it  i cant get the paper off overall i would not recommend this product to anyone unless you dont mind all the flaws",Negative,Negative,Positive,Negative,Negative,1,1,1,5,1,1.0,1.0,1.0,2.2
pretty well sewn tights  they fit nice with no irregularities  these were purchased for a costume,Positive,Positive,Positive,Positive,Positive,5,5,5,5,5,5.0,5.0,5.0,5.0
i bought several sets for my husband whos very particular about fabric texture theyre soft and just the right weight for loungewearnot too thick or too thin and they hold their shape well after washing or drying he loves them,Positive,Positive,Negative,Positive,Positive,5,5,5,1,5,5.0,5.0,5.0,3.8
the dress fits well but because the accessories boot covers wristlets etc are onesizefitsall they fit a little tight i cant imagine they would fit if you ordered the extra large,Neutral,Positive,Positive,Positive,Positive,5,5,5,5,5,5.0,5.0,5.0,5.0
this shoe fits nicely and gives the wearer a presidential grace it is easy and cool to walk with i love it,Positive,Positive,Positive,Positive,Positive,5,5,5,5,5,5.0,5.0,5.0,5.0
this is a great costume  not the most high quality garment of clothing but will last for several halloween parties  i bought the size small for my wife who is about 56 125lbs  she didnt have to adjust it with safety pins anywhere  she normally wears size med in shirts and 46 in pants and dresses,Positive,Positive,Positive,Positive,Positive,5,5,5,5,5,5.0,5.0,5.0,5.0
goooood,Positive,Neutral,Neutral,Positive,Positive,5,5,3,3,5,5.0,5.0,4.4,4.4
excellent,Positive,Positive,Positive,Positive,Positive,5,5,5,5,5,5.0,5.0,5.0,5.0
i have never worn a hat or cap but need to  at age 71 and a frequent hiker i would prefer it if my dermatologist had less to do at each visit  i cant even wear a ball cap  so far this is different not so hot good sun shader and keeps light rain off the face and glasses  seems to be well made  appreciate the built in sweat band  i ordered one size large and it is loose but can easily tuck tightly rolled pieces of bounty towel behind the sweatband for a perfect adjustable fit plus more absorbancy  i believe and have been told that the hat is stylish  this is a bonus afic,Positive,Positive,Positive,Positive,Positive,5,5,5,5,5,5.0,5.0,5.0,5.0
returned this item because it fit extremely small i ordered a large expecting it to be a bit roomy i normally wouldve ordered a medium but i couldnt even get it over my shoulders,Positive,Positive,Positive,Negative,Positive,1,5,5,5,1,1.0,2.2,2.2,2.2
as expected fit,Positive,Positive,Positive,Positive,Positive,5,5,5,5,5,5.0,5.0,5.0,5.0
have always loved the zutano sun hats  this is my dds 4th or 5th one  they are super soft and provide excellent face coverage in the sun  ,Positive,Positive,Positive,Positive,Positive,5,5,5,5,5,5.0,5.0,5.0,5.0
something about this 100 cotton feels a lot nicer than the average 100 undershirt you might find i never really cared about undershirts other than that they be 100 cotton but after getting this one i threw away all my other ones and got more of these still happy with them a year later,Positive,Positive,Positive,Negative,Positive,1,5,5,5,5,3.8,5.0,5.0,5.0
nice shoe,Positive,Positive,Positive,Positive,Positive,5,5,5,5,5,5.0,5.0,5.0,5.0
these moccasins are adorable but everyone was right they definitely run large  i took a sewing measuring tape to my sons foot to measure and it was the exact length for the size 3 but when they came in the mail and we tried them on there was definitely almost an inch extra between his toes and the front of the shoe  im not too worried about it because if he keeps growing at the rate he has been they will probably fit in a month and he will still have plenty of wear time in them during most of the winter and early spring,Neutral,Positive,Positive,Positive,Positive,5,5,5,5,5,5.0,5.0,5.0,5.0
costume was great  for true to suze abs the accessories were all practical and well made also  a great deal  costume stores selling the same costume for 60,Negative,Positive,Positive,Positive,Positive,5,5,5,5,5,5.0,5.0,5.0,5.0
i should have got a size bigger to be more comfortable in it but it was a beautiful dress and greatly made,Positive,Positive,Positive,Positive,Positive,5,5,5,5,5,5.0,5.0,5.0,5.0
smooth soft tshirts long so they stay tucked in,Positive,Neutral,Positive,Positive,Positive,5,5,3,5,5,5.0,5.0,4.4,5.0
nice shirts nice quality but i wish i hadnt listened to the reviews that said the shirts run large i normally wear a large but i ordered size medium based on reviews that advised me to do so well i need a size large ill be ordering more in my actual size,Positive,Positive,Positive,Positive,Positive,5,5,5,5,5,5.0,5.0,5.0,5.0
horrible quality material is so this you can see you skin through the shirt,Positive,Negative,Negative,Positive,Positive,5,5,1,1,1,2.2,2.2,1.0,1.0
i have been very happy with the durability of these jansport elefunk totes  both my teenage boys use them as school backpacks  these totes hold a lot and they stand up to abuse,Positive,Negative,Positive,Positive,Positive,5,5,1,5,5,5.0,5.0,3.8,5.0
love these  cannot go back to any other brand after having these against my skin  great purchase,Positive,Positive,Positive,Positive,Positive,5,5,5,5,5,5.0,5.0,5.0,5.0
"it did not look good on me
i cant image it looking good on anyone the top is like a felt
sending it back",Neutral,Positive,Positive,Neutral,Neutral,3,3,5,5,1,1.6,1.6,2.2,2.2
i went by what other reviewers said and ordered a size larger than i thought i needed and it was perfect  the quality was better than what was offered at our local shops but still what you would expect for a halloween costume  the price was also more reasonable than our local shops so we took a chance ordering close to halloween and it arrived in time  very happy,Positive,Positive,Positive,Positive,Positive,5,5,5,5,5,5.0,5.0,5.0,5.0
"i dont get the negative reviews here  i wear undershirts every day under a dress shirt and this is the best vneck i have found in awhile  i find with most vnecks the collars suck  either way too deep and you see an imprint of a deep v under your dress shirt or they have a thick collar thats too tight  this is pretty close to just right  just low enough that you cant see it but not so low that its way under the neck line of your dress shirt brooks bros iron free top button left unbuttoned

yes the material is thin  i like that its an undershirt  material is soft and seems to be high quality",Positive,Positive,Positive,Positive,Positive,5,5,5,5,5,5.0,5.0,5.0,5.0
some how it is 8cm longer than what i bought from ck store the material is a bit different but it is still a nice tshirt,Positive,Positive,Positive,Positive,Positive,5,5,5,5,5,5.0,5.0,5.0,5.0
this costume is trash i ordered it twice thinking the first time may have been a fluke the skirt material comes all stuck together almost like its melted when you pull it apart the color is ruined where it was stuck together spend the extra money and get a good quality costume,Negative,Negative,Positive,Negative,Negative,1,1,1,5,1,1.0,1.0,1.0,2.2
the accessories are great the fabric of the dress reminds me of childrens polyester pajamas that can never come out of the dryer good it is super cheap i will keep the accessories and make my own skirt and top,Negative,Positive,Positive,Positive,Positive,5,5,5,5,1,2.2,2.2,2.2,2.2
"just got my ring today only took 3 days it comes in an adorable pink heart shaped box wa ribbon tie on top it is just as beautiful in person as it is on here looks exactly like the picture and fits perfectly i am a size 5 and it fits perfectly both rings look so pretty paired together on the same finger also
my friends dont know its not real and i am getting plenty of very positive feedback they love it i was gonna get a real ring when taxes come but this is so beautiful its not necessary you will not regret buying this ring",Neutral,Positive,Positive,Negative,Negative,1,1,5,5,5,3.8,3.8,5.0,5.0
"this flapper dress is well made for a costume i bought one for myself and then bought 5 more for the seniors in my dance class for a senior center party although we took measurements and checked the measurements against the size chart i had to return 3 costumes and swap one costume the dance teacher who usually wears a medium swapped her dress for an xl two women who normally wear large had to exchange their dresses for xl one woman who wears an xl exchanged her dress for a 2x only one large dress fit i would suggest that you order a size or two larger than you normally wear
we probably can get many years of wear out of this costume",Negative,Positive,Positive,Positive,Positive,5,5,5,5,5,5.0,5.0,5.0,5.0
this helmet is part of the aeromax astronaut costume and while it is fun and has clever buttons on it there is only one message that plays when you hit the button  secondly the visor arrived broken  parts are cheap and cheaply put together  not worth the money,Positive,Positive,Positive,Positive,Positive,5,5,5,5,1,2.2,2.2,2.2,2.2
this helmet is huge you could have a head as big as andre the giant and still fit into this helmet it makes my son 55 yrs normal size look like a bobble head it is so big and clunky that he takes if off after half a minute he does not play with it at all we bought it for a halloween costume with the white astronaut suit and the suit is really cute and realistic but this helmet is definitely not you cant even hear the sounds unless you are wearing the helmet so the blastoff can only be enjoyed by the wearer and that is the only sound just a countdown and blastoff no mission control stuff and anything else plus the flipping visor comes off a lot my son has a great imagination and had more fun with a helmet we made from a box before we bought the helmet than he did with this helmet wish i hadnt bought it but could not return it after i had opened it,Positive,Positive,Positive,Positive,Positive,5,5,5,5,1,2.2,2.2,2.2,2.2
fit well but one of the sleeves wasnt sewn on stiching missed the fabric  good thing we decided to iron a few weeks prior to the event  apparently you get what you pay for,Neutral,Positive,Positive,Positive,Positive,5,5,5,5,1,2.2,2.2,2.2,2.2
needs to be iron and its takes a long time to do that i wont buy them again,Negative,Neutral,Negative,Positive,Positive,5,5,3,1,1,2.2,2.2,1.6,1.0
it is a very nice and sturdy chain the clasp is big enough to openclose with no difficulty looks good very bright and shiny,Positive,Positive,Positive,Positive,Positive,5,5,5,5,5,5.0,5.0,5.0,5.0
i needed a new bag that was smaller and had a strap  the big issue with this bag is the laptop compartment maybe i missed the description but my 156 hp laptop will not fit in the laptop compartment which was a huge disappointment but it worked out okay i instead put my ipad in there and i bought an extra neoprene sleeve for the laptop  i need to be able to carry both for the program i am in and work  in addition to a laptop and ipad i need room for books and this bag is suitable for how many i carry  the side pockets work great for cords  overall a decent bag its a little thin and the strap connections concern me a little for how much weight it will hold but for 38 dollars i am satisfied with this buy,Neutral,Positive,Positive,Positive,Positive,5,5,5,5,5,5.0,5.0,5.0,5.0
very nice traditionalstyle leather dopp kit  lightweight nice lining rather pricey but feels more upscale despite somewhat thin leather than cheaper ones  will it last  aside from a little higherend feel and look whether it lasts long will be the real test,Positive,Positive,Positive,Positive,Positive,5,5,5,5,5,5.0,5.0,5.0,5.0
great fit my daughter is a size 4 looks awesome well made,Positive,Positive,Positive,Positive,Positive,5,5,5,5,5,5.0,5.0,5.0,5.0
it was a hit at the party  fit comfortably and was decent quality for the low price  the headband was a little flimsy super small feather but that was an easy fix  it was cold the night i wore it and i found it surprisingly warm thats the polyester  anyways it was cute and im glad it fit true to size,Positive,Positive,Positive,Positive,Positive,5,5,5,5,5,5.0,5.0,5.0,5.0
very good,Neutral,Positive,Positive,Positive,Positive,5,5,5,5,5,5.0,5.0,5.0,5.0
came fast and was perfect for halloween it was a little looser than i would have liked but it fit for the time period and i received a ton of compliments all night the feather headband was by far the best part of the costume so fun,Positive,Positive,Positive,Positive,Positive,5,5,5,5,5,5.0,5.0,5.0,5.0
no more are the days of getting sun burned on my face and neck and having the people of the public mock me for my utterly disgusting sun burn,Positive,Negative,Negative,Neutral,Positive,3,5,1,1,5,4.4,5.0,3.8,3.8
i bought these to dress up as a christmas elf i was surprised at their quality and fit for onesize tights these fit beautifully look great and i expect them to wash and wear well they are warm too,Positive,Positive,Positive,Positive,Positive,5,5,5,5,5,5.0,5.0,5.0,5.0
i bought two of these right off the bat since the price was unbelievably reasonable  i am so glad that i did because the quality of these chains is unsurpassed  strong yet delicate box link and they sparkle stunningly  i actually double up wear two at a time with some of my heavier pendants  highly recommended and i will definitely purchase from this seller again,Positive,Positive,Positive,Positive,Positive,5,5,5,5,5,5.0,5.0,5.0,5.0
great costume for halloween only downside is the fake boots because the costume size runs large i got a medium which fit fine however the shoe length was too short probably about shoes size 7 whereas i wear size 10 they kept popping up over my shoes also its a one wear deal  the costume cannot be washed or dry cleaned,Positive,Positive,Positive,Positive,Positive,5,5,5,5,5,5.0,5.0,5.0,5.0
the tights are of good quality fit well and are as vibrant as you can imagine   they are the perfect accent to my bee costume,Negative,Positive,Positive,Positive,Positive,5,5,5,5,5,5.0,5.0,5.0,5.0
awesome hat,Negative,Positive,Positive,Positive,Positive,5,5,5,5,5,5.0,5.0,5.0,5.0
"if i could give this item no stars i would i took my measurements before ordering this and ordered a large based on what was on their sizing chart it is much too large  the back is huge and poofy the skirt is made of some shiny material that sticks to itself and when you manage to peel the skirt apart the color comes off of it and looks terrible the tissue paper somehow managed to stick to the tiara and cant be peeled off of the star the cape stuck to the skirt too and when i peeled the cape off the color came off the skirt and the cape

its too bad that i ordered this costume so late because its unwearable which leaves me with nothing for halloween i will absolutely be returning this costume immediately",Positive,Negative,Negative,Positive,Negative,5,1,1,1,1,2.2,1.0,1.0,1.0
the dress was to small it was not the color i wanted but it fitted my niece who is a childs x large,Positive,Neutral,Negative,Positive,Positive,5,5,3,1,1,2.2,2.2,1.6,1.0
i really like these undershirts  i have purchased them multiple times  very comfortable and they are well made  they keep their true white color far better than other shirts i have purchased,Positive,Positive,Positive,Positive,Positive,5,5,5,5,5,5.0,5.0,5.0,5.0
ok,Negative,Positive,Positive,Positive,Positive,5,5,5,5,3,3.5999999999999996,3.5999999999999996,3.5999999999999996,3.5999999999999996
i have been looking all over for silver necklace chains and could not find anything that would good enough  so i decided to explore on amazon and came across these  as soon as i saw these and read the reviews from other customers i knew they would be perfect  i just bought the charm part a break in half big sis lil sis of a necklace for my little sister who turns 12 next month so i was in need of getting necklace chains  i received them in the expected arrival due date in perfect condition  i would greatly recommend this chain to any other individual who is looking to purchase a chain  i could not ask for anything better  thank you,Positive,Positive,Positive,Positive,Positive,5,5,5,5,5,5.0,5.0,5.0,5.0
these hats are okay but i was disappointed there was no sweat shield in front like the hat i had before i do not remember the brand of that hatbut it looked identical to these hats also i washed that hat once and it came out good i washed one of these hats and it looked terrible so i threw it out,Positive,Negative,Negative,Positive,Positive,5,5,1,1,3,3.5999999999999996,3.5999999999999996,2.3999999999999995,2.3999999999999995
keep cool this summer with henschel breezer hat  it cools the heat of the sun and allows your head heat to escape in the breeze  the chin strap keeps your hat on even in high winds  protecting your head from the suns energy during solar max just makes sense,Positive,Positive,Positive,Positive,Positive,5,5,5,5,5,5.0,5.0,5.0,5.0
it was too large and had a gross chemical smell had to send it back,Positive,Negative,Positive,Positive,Positive,5,5,1,5,1,2.2,2.2,1.0,2.2
it was delivered quickly and looks just like the picture i would have given 5 stars but the headband was missing also i would recommend buying a size up because there is absolutely no elastic in the dress,Positive,Negative,Positive,Positive,Positive,5,5,1,5,5,5.0,5.0,3.8,5.0
i bought this costume in an extra large even though i wear a large normally  it was still a little snug but with some stretch it was still comfortable  i got the black one and felt really flapperish  the feather on the headband wasnt very large so it didnt stand up much but it was comfortable too it was a great costume for my dinnerevent at a good price  i can wear it again too,Positive,Positive,Positive,Positive,Positive,5,5,5,5,5,5.0,5.0,5.0,5.0
it was my sons birthday present he didnt let go for more than a week there is a button for the visor release and on the other side one to activate an audio fragment thats counting down to lift off its not loud just right sturdy quality compared to most toys,Positive,Neutral,Positive,Positive,Positive,5,5,3,5,5,5.0,5.0,4.4,5.0
this is a great pair of shoes they are light comfortable and i would buy them again i couldnt find a decent pair of shoes locally and decided to take a shot on these,Positive,Positive,Positive,Positive,Positive,5,5,5,5,5,5.0,5.0,5.0,5.0
got this for my girl she love it,Positive,Positive,Positive,Positive,Positive,5,5,5,5,5,5.0,5.0,5.0,5.0
great costume dress a bit shorter then expected but very comfortable  i did order a size up per previous reviews,Neutral,Positive,Positive,Negative,Negative,1,1,5,5,5,3.8,3.8,5.0,5.0
really like these great quality comfort and matches everything,Positive,Positive,Positive,Positive,Positive,5,5,5,5,5,5.0,5.0,5.0,5.0
costume came used and missing the headband very disappointing it would be nice if it was new and the size chart was more accurate,Neutral,Negative,Positive,Positive,Positive,5,5,1,5,1,2.2,2.2,1.0,2.2
they fit my son prefect it just what he wanted thank you i will keep on buying from calvin klein,Neutral,Positive,Positive,Positive,Positive,5,5,5,5,5,5.0,5.0,5.0,5.0
im 52 115 lbs and i ordered an extra small the dress was a perfect fit and a great deal the costume came with all of the accessories pictured,Negative,Positive,Positive,Positive,Positive,5,5,5,5,5,5.0,5.0,5.0,5.0
it runs a little small  i normally wear a 810 but ordered the large 1012 it fit perfect,Positive,Positive,Positive,Positive,Positive,5,5,5,5,5,5.0,5.0,5.0,5.0
i had been looking for this item for several years  bought two sets and they work great  highly recommend for anyone with tall boots,Positive,Positive,Positive,Positive,Positive,5,5,5,5,5,5.0,5.0,5.0,5.0
if youre as thin as a pin these will work perfectly for you however me with my big thigh self cannot have the tights make it up as high as the picture they fit me everywhere else but once they get to my thighs they stop they are not connected like tights normally are but they act like super tall socks i really wanted to wear them so i cut the tops of them and used them as short socks  they look really nice as socks and people are always complimenting me on them but i didnt want socks i wanted tights,Negative,Positive,Positive,Negative,Negative,1,1,5,5,3,2.3999999999999995,2.3999999999999995,3.5999999999999996,3.5999999999999996
i bought the for a roaring twenties dinner party i am a size 810 and 5 7and read the reviews that it ran small yes it does i ordered a large it fits very snug over the hips and almost and fine in the bust area the manufacturer should modify their sizing i think a xl would have been a better fit in the hips but gape in the bust but for the price i can make do for one night and maybe a future halloween party the quality was better than i expected although the feather and headband was a little sad i went and bought a larger feather to add,Positive,Positive,Positive,Positive,Positive,5,5,5,5,5,5.0,5.0,5.0,5.0
"i like this band the band gets lots of compliments its appealing feature is the pleats

it is adjustable to any hat size the hook pin needs some consideration i pin the hook to the other end of the band and make sure the point is tucked inside the band and not pinned all the way through the band i make sure it is tight enough it doesnt fall off when flip it onto my head or i set my hat down upside down on the table the pin is shaped into a hook and i had no trouble with the point as long as it is not strapped too tight around the hat",Neutral,Positive,Positive,Positive,Positive,5,5,5,5,5,5.0,5.0,5.0,5.0
really a bad fit the skirt was so long does not look like the real thing i had to buy a new one,Positive,Negative,Negative,Positive,Positive,5,5,1,1,1,2.2,2.2,1.0,1.0
this beret is very well made with a sturdy flexible cloth band instead of the stiff leather one found in the basque berets and it is not as full cut or floppy which is what i was looking for because i have a thin head that gets lost under a large hat it is still not as small as i would like but it is comfortable and stylish,Positive,Positive,Positive,Positive,Positive,5,5,5,5,5,5.0,5.0,5.0,5.0
the hat was delivered promptly the price was reasonable and the product lived up to all of its descriptions on amazon  i would be happy to purchase from this seller again,Positive,Positive,Positive,Positive,Positive,5,5,5,5,5,5.0,5.0,5.0,5.0
im 200lbselect size l but is too big for me maybe i should select size s for me amazons size guide is not accuracy,Neutral,Positive,Neutral,Neutral,Positive,3,5,5,3,1,1.6,2.2,2.2,1.6
im amazed at how nice a shirt this is for so little money our local formal wear shop wanted over 100 for similar 6040 blend tuxedo shirt i especially like the buttons and button holes that allow use of studs and cufflinks when desired,Positive,Positive,Positive,Positive,Positive,5,5,5,5,5,5.0,5.0,5.0,5.0
the sounds were not working out of box assuming batteries are dead but wont know until i get more to try i dont know what sounds are like yet,Positive,Positive,Positive,Positive,Positive,5,5,5,5,3,3.5999999999999996,3.5999999999999996,3.5999999999999996,3.5999999999999996
ive always liked the army style belts and this is just like the one i was issued 40 years ago good  solid design,Positive,Positive,Positive,Positive,Positive,5,5,5,5,5,5.0,5.0,5.0,5.0
an awesome accessory to an astronaut costume,Positive,Positive,Positive,Positive,Positive,5,5,5,5,5,5.0,5.0,5.0,5.0
im normally a 65 shoe size so i ordered a 7 my foot fit perfectly at the base but then my calves which at their widest are slightly smaller than 14 didnt fit the size 7 boots wouldnt zip up past them they look great but its too bad they dont fit im rating them 3 stars because this is the first time any boots have never fit over my calves,Neutral,Negative,Positive,Positive,Positive,5,5,1,5,3,3.5999999999999996,3.5999999999999996,2.3999999999999995,3.5999999999999996
these are just gorgeous  i received several compliments on them when i wore them to work  seller was prompt  very satisfied with service,Positive,Positive,Positive,Positive,Positive,5,5,5,5,5,5.0,5.0,5.0,5.0
after reading the reviews i ordered a medium i usually wear a small in everything size 2 dress the top part was too big but the bottom skirt area fit great just had to get a minor alteration to the top straps and then it fit great glad i didnt order a small probably wouldnt have fit in the hip area,Positive,Positive,Positive,Positive,Positive,5,5,5,5,5,5.0,5.0,5.0,5.0
shirt fits my husband perfectly  its often difficult to fit him as he works out and has a big neck large arms and a very big  chest  i have already washed the shirt as directed and it needs no ironing  thanks,Positive,Positive,Positive,Positive,Positive,5,5,5,5,5,5.0,5.0,5.0,5.0
i have never looked so good in my online dating profile,Positive,Positive,Positive,Neutral,Neutral,3,3,5,5,5,4.4,4.4,5.0,5.0
cutestylishbut  too tight in the bottom and slightly to big on the top,Positive,Positive,Positive,Positive,Positive,5,5,5,5,3,3.5999999999999996,3.5999999999999996,3.5999999999999996,3.5999999999999996
i gave it to a friend and he thought it was great i thought it might have been a little too feminine but apparently it was not i kind of want one for me too,Positive,Positive,Positive,Positive,Positive,5,5,5,5,5,5.0,5.0,5.0,5.0
great piece but did seem to run a little big,Neutral,Positive,Positive,Negative,Negative,1,1,5,5,5,3.8,3.8,5.0,5.0
im so pleased with this chain i had to guess my size and i got the perfect one not that it has anything to do with the chain i was just shocked that it fit the chain seems sturdy enough that it will last me a while the price was great and the shipping was fast,Positive,Positive,Positive,Positive,Positive,5,5,5,5,5,5.0,5.0,5.0,5.0
this hat is absolutely adorable on and the strings are great because you can tie it as loosely or tightly as needed for your little one,Positive,Positive,Positive,Positive,Positive,5,5,5,5,5,5.0,5.0,5.0,5.0
i was able to get a group picture with them on right when i bent down to get something they ripped,Positive,Neutral,Positive,Positive,Positive,5,5,3,5,1,2.2,2.2,1.6,2.2
i love the boots,Positive,Positive,Positive,Positive,Positive,5,5,5,5,5,5.0,5.0,5.0,5.0
nice shoes but not as wide as us widtheee should be the same for shoes made in india as those made in the rest of the world,Positive,Positive,Positive,Positive,Positive,5,5,5,5,3,3.5999999999999996,3.5999999999999996,3.5999999999999996,3.5999999999999996
"the previous reviews i read were spot on this costume is larger than size indicated i would normally get a medium but this small fits perfectly
love it and thanks for the speedy delivery",Neutral,Positive,Positive,Positive,Positive,5,5,5,5,5,5.0,5.0,5.0,5.0
bought this helmet for my 8 yo son who wanted to be an astronaut for halloween he already had a nasa flight suit just needed something to complete the outfit this helmet complemented the suit perfectly and he really loved the functionality the visor opens at the push of a button spring loaded and there is a speaker inside that plays some mission control audio when you push another button sturdy enough to play with it on and looks decent it is large an adult head fits in there but this did not cause any issues he loved it and was grinning ear to ear the whole time the only con i see is the price which is on the expensive side overall im glad we purchased it and would definitely recommend it as a costume accessory,Positive,Positive,Positive,Positive,Positive,5,5,5,5,5,5.0,5.0,5.0,5.0
my 3 year old son loves his boots  so many compliments  only thing i would change is to add rubber to the bottom of soul because they are so loud running on hardwood floors and they hurt when he kicks  ,Positive,Positive,Positive,Positive,Positive,5,5,5,5,5,5.0,5.0,5.0,5.0
so cute would buy more very good for the price,Neutral,Positive,Positive,Neutral,Positive,3,5,5,5,5,4.4,5.0,5.0,5.0
cheaply made crushed velvet with foam underneath bunches up skirt is vinyl had to return it,Negative,Negative,Positive,Positive,Positive,5,5,1,5,1,2.2,2.2,1.0,2.2
it arrived late and missing all accessories,Negative,Negative,Negative,Negative,Negative,1,1,1,1,5,3.8,3.8,3.8,3.8
this is a tshirt a white one its great especaly for when you want to wear a white tshirt buy them if thats what you are looking for,Positive,Positive,Positive,Positive,Positive,5,5,5,5,5,5.0,5.0,5.0,5.0
good price and fast shipping,Positive,Positive,Positive,Positive,Positive,5,5,5,5,5,5.0,5.0,5.0,5.0
cool concept but not really durable enough to be a kids toy  movable face shield is constantly coming off and has come off so many times that it is loose every time i reattach it,Positive,Negative,Positive,Positive,Positive,5,5,1,5,3,3.5999999999999996,3.5999999999999996,2.3999999999999995,3.5999999999999996
this is a very plush robe and would keep a person very warm  my mom is very petite and it is just a litle too big for her even though its a petite small  i would still recommend this robe however as it does have a nice feel to it and seems worth the price,Positive,Positive,Positive,Positive,Negative,5,1,5,5,5,5.0,3.8,5.0,5.0
great hat for walking in the desert or working in the back yard in southern nevada    take off the leather strap  dont need it,Positive,Positive,Positive,Positive,Positive,5,5,5,5,5,5.0,5.0,5.0,5.0
i bought three of these and am extremely pleased with the quality  they are exactly what i was looking for and i would recommend them to anyone,Positive,Positive,Positive,Positive,Positive,5,5,5,5,5,5.0,5.0,5.0,5.0
great halloween costume looks good on and fits well,Positive,Positive,Positive,Positive,Positive,5,5,5,5,5,5.0,5.0,5.0,5.0
we bought this for our 4yo son who is a bit hard on his toys  in less than 2 weeks more like 2 days he has broken the mechanism that automatically opens the visor  he loves the buttons sounds and overall he likes the helmet but for a 4yo it is a bit bigbulky for his body  he does like it but it is not his first toy of choice nor even his first costumedress up piece  he says it is good and when hes wearing it he enjoys flying around the house  bang for the buck maybe not at four but it is a good fun item,Positive,Positive,Positive,Positive,Positive,5,5,5,5,3,3.5999999999999996,3.5999999999999996,3.5999999999999996,3.5999999999999996
great costume just didnt fit me very well and way too short,Positive,Positive,Positive,Positive,Positive,5,5,5,5,3,3.5999999999999996,3.5999999999999996,3.5999999999999996,3.5999999999999996
please listen to the multiple reviews this item is way too big for kids it is sized for teenagers and adults cheap poor quality if my son didnt see me open it i would return it but he saw it and wants to try and play with it like other reviewer stated it makes your kid a bobble head dont waste money on it,Negative,Positive,Negative,Negative,Negative,1,1,5,1,1,1.0,1.0,2.2,1.0
i ordered these tights for halloween and they say they are one size fits all with a weight range of 90lb160lb i am 140lb should work right not exactly the tights dont even pull all the way up to my waist and when i was putting them on they ran immediately i admit i have a few lbs to lose but i am by no means obese and well within the expected range of fit i would not suggest this for anyone larger than a size 7 or so based on how much they stretch girth wise vs length wise,Negative,Positive,Positive,Negative,Negative,1,1,5,5,1,1.0,1.0,2.2,2.2
i use this for my makeup and it fits everything in it and feels like it will last for many years,Positive,Positive,Positive,Positive,Positive,5,5,5,5,5,5.0,5.0,5.0,5.0
just what i was looking for,Positive,Neutral,Neutral,Positive,Positive,5,5,3,3,5,5.0,5.0,4.4,4.4
nice but to small for my 100s cigs,Neutral,Positive,Positive,Positive,Positive,5,5,5,5,3,3.5999999999999996,3.5999999999999996,3.5999999999999996,3.5999999999999996
excellent quality,Positive,Positive,Positive,Positive,Positive,5,5,5,5,5,5.0,5.0,5.0,5.0
looks cool but somewhat of a tough fit since it wobbles a lot  sure does make a great costume overall when added to other sets,Positive,Positive,Positive,Positive,Positive,5,5,5,5,5,5.0,5.0,5.0,5.0
this hat will be great in hot weather,Positive,Positive,Positive,Positive,Positive,5,5,5,5,5,5.0,5.0,5.0,5.0
worked great for the cost,Positive,Positive,Positive,Positive,Positive,5,5,5,5,5,5.0,5.0,5.0,5.0
love love love this robe  it is warm and quite comfortable  i am tall and length hits me at midcalf great value  looking forward to wearing it for the rest of the winter,Positive,Positive,Positive,Negative,Negative,1,1,5,5,5,3.8,3.8,5.0,5.0
having used this shoe in the past i did not hesitate to purchase them when they were put on sale  however what i received wasnt what i had used previously  the shoe has changed and i found the stiffness unbearable  i had blisters on my ankles within a few hours and within two days i had blisters on several of my toes  i must note that the shoe did not feel tight in any way but the stiffness and molding of the leather just tore me up  btw  i requested an exchange which amazon handled promptly but the replacement pair were exactly the same  as such after one wearing and experiencing incredible pain i was forced to request an exchange again but this time i chose a florsheim model and i am now very happy  so buy if you must but consider this a warning,Positive,Negative,Positive,Positive,Positive,5,5,1,5,1,2.2,2.2,1.0,2.2
i was shopping specifically for wonder wallet insert replacements these came up but dont fit in wallet horizontal backing instead of parallel backing business card protectors open on wrong side,Positive,Negative,Negative,Positive,Positive,5,5,1,1,1,2.2,2.2,1.0,1.0
used for a costume party worked well,Negative,Positive,Neutral,Positive,Positive,5,5,5,3,5,5.0,5.0,5.0,4.4
"i wasnt expecting too much watch for this price but from the other reviews i thought id be getting at least a good deal i was wrong

when you pop out to set the time the minute hand flops around a teenie bit so when you set the time you have to be careful how you click the set knob back in or it can move the minute hand a little not very accurate and really annoying to me

however yes its fine for the price i guess but im now looking for another pocket watch its not worth it for me to send it back so im donating it to a thrift store and spending more money this time for something with a bit more quality",Positive,Positive,Positive,Positive,Positive,5,5,5,5,1,2.2,2.2,2.2,2.2
doesnt fit 100s,Negative,Negative,Positive,Negative,Positive,1,5,1,5,1,1.0,2.2,1.0,2.2
"good replica of al bundys polk high gear
size a little bigger than expected",Positive,Positive,Positive,Positive,Positive,5,5,5,5,5,5.0,5.0,5.0,5.0
good,Neutral,Positive,Positive,Positive,Positive,5,5,5,5,5,5.0,5.0,5.0,5.0
the product description says its a lycra blend its not  its 100 cotton  im 6 190 lbs and bought the xl it was a bit too big for an undershirt,Negative,Neutral,Neutral,Negative,Negative,1,1,3,3,1,1.0,1.0,1.6,1.6
great hat,Positive,Positive,Positive,Positive,Positive,5,5,5,5,5,5.0,5.0,5.0,5.0
this dress makes you want to dance and shimmy it is so much fun as some other reviewers said it is tight around the hips and butt so keep that in mind when ordering it is such a flattering dress youll want to wear it for more than just halloween,Negative,Positive,Positive,Neutral,Positive,3,5,5,5,5,4.4,5.0,5.0,5.0
betula is similar to birkenstock not the same and much less expensive the cork sole looks and feels different and the arch is not as prominent as in birkenstock overall they are a nice alternative,Positive,Positive,Positive,Positive,Positive,5,5,5,5,5,5.0,5.0,5.0,5.0
"good material brought me an unexpected feeling and nice experience ill buy again
i like the pure white socks very much",Positive,Positive,Positive,Positive,Positive,5,5,5,5,5,5.0,5.0,5.0,5.0
shoes are soft and comfortable  i needed to add a lift in the heel for the side of the shoe hit my ankle bone in the wrong place  havent worn them but once to discover that the sides were 38 to high for my ankle bone,Negative,Positive,Positive,Negative,Negative,1,1,5,5,3,2.3999999999999995,2.3999999999999995,3.5999999999999996,3.5999999999999996
great just the top buckled in the middle alil i think because of the material,Negative,Positive,Positive,Negative,Negative,1,1,5,5,5,3.8,3.8,5.0,5.0
this chain was perfect sturdy and elegant  i have bought several things online from gem avenue and everything that i have recieved has been high quality at a great price,Positive,Positive,Positive,Positive,Positive,5,5,5,5,5,5.0,5.0,5.0,5.0
runs big,Neutral,Neutral,Neutral,Neutral,Neutral,3,3,3,3,3,3.0,3.0,3.0,3.0
it was perfect for what i needed im a size 6 in most clothing  ordered a large it was not tight but fitted  glad i read the reviews and ordered a size up a large is probably a perfect size 8  well made in the sense it was not shedding fringe like some other peoples costumes good price fast shipping it will last through a few wearings at least  the headband is simple but gets the job done,Negative,Positive,Positive,Neutral,Neutral,3,3,5,5,5,4.4,4.4,5.0,5.0
"i read the reviews before ordering this item with many people saying it ran small i ordered an xl i wear size 12
i tried it on when it arrived and couldnt even get my arms  head into it it was so snug forget ordering this garment and order the other flapper costume  so much better",Positive,Positive,Positive,Positive,Positive,5,5,5,5,1,2.2,2.2,2.2,2.2
outfit is really cute it fit me perfect but a little big in the breast area i am 556  115lbs  its a costume so dont expect it to be the finest of quality but worked out great for a 20s hollywood glamour party  lots of women complained it ran small but i felt it fit like any other size small although it did indicate the size small was a 6  i would size it as a small 02  hope this is helpful ,Neutral,Positive,Positive,Neutral,Neutral,3,3,5,5,5,4.4,4.4,5.0,5.0
so adorable but runs big  i bought a size 3 for my six month old  my daughter kicks them off frequently,Negative,Positive,Positive,Positive,Positive,5,5,5,5,5,5.0,5.0,5.0,5.0
this bag is durable and big enough for books and electronic items cameras chargers extra batteries and more it fits perfectly around you when worn over your shoulder however the handle on top is too small and should be larger its a perfect jack sack best messenger bag ive had so far,Neutral,Positive,Positive,Positive,Positive,5,5,5,5,5,5.0,5.0,5.0,5.0
great seller and product,Positive,Positive,Positive,Negative,Negative,1,1,5,5,5,3.8,3.8,5.0,5.0
the color was perfect the size just right i made some minor adjustments of course but it definitely met my expectations and looks great on me  only thing i would add if i were the company is a hookandeye at the top of the zipperit held the top so much better  but thats an easy fix anyway,Positive,Positive,Positive,Positive,Positive,5,5,5,5,5,5.0,5.0,5.0,5.0
pwerfect,Positive,Neutral,Neutral,Positive,Positive,5,5,3,3,5,5.0,5.0,4.4,4.4
i got this chain in the 30 length along with several pendants from gem ave  i love this chain it looks nice and is really tough  i am kind of hard on chains and was worried about buying one online without seeing it  i could not be happier and the price is great,Positive,Positive,Positive,Positive,Positive,5,5,5,5,5,5.0,5.0,5.0,5.0
perfect,Positive,Positive,Positive,Positive,Positive,5,5,5,5,5,5.0,5.0,5.0,5.0
great product very thick excellent for winter and very warm not good for summer robe,Positive,Positive,Positive,Positive,Positive,5,5,5,5,5,5.0,5.0,5.0,5.0
this item was too large in the shoulder  i have had these camisoles from another vender and really like them but they are no longer available  thank you ,Negative,Positive,Positive,Negative,Negative,1,1,5,5,3,2.3999999999999995,2.3999999999999995,3.5999999999999996,3.5999999999999996
i love this wallet  ive been using it for a few months now and it still looks great  the eelskin has a nice texture to it and its incredibly durable  my past leather wallets are usually showing some wear after a few months of use but this one still looks nearly new  it also is able to hold quite a number of credit cards and cash in the main slot  i am also very pleased with the deep redburgundy tone of this wallet  i would definitely recommend it,Positive,Positive,Positive,Positive,Positive,5,5,5,5,5,5.0,5.0,5.0,5.0
this hat is great  it provides shade for the ears and eyes  it is comfortabe even on the hottest days because the top venilates the head  my skin doctor encourged me to get a hat like this because i have had some skin cancer on my ear lastly the price is right,Positive,Positive,Positive,Positive,Positive,5,5,5,5,5,5.0,5.0,5.0,5.0
just as described and what i needed for my costume,Neutral,Neutral,Neutral,Negative,Positive,1,5,3,3,5,3.8,5.0,4.4,4.4
i wanted cotton handkerchiefs these are a polyester blend and have more of a polyester than a cotton feel,Positive,Neutral,Positive,Positive,Positive,5,5,3,5,1,2.2,2.2,1.6,2.2
my husband loves it,Neutral,Positive,Neutral,Positive,Positive,5,5,5,3,5,5.0,5.0,5.0,4.4
ive been wearing these shoes for years and still holding is fine quality these dress shoes have held up its value and reputation,Positive,Positive,Positive,Positive,Positive,5,5,5,5,5,5.0,5.0,5.0,5.0
2 sizes bigger than usual,Positive,Neutral,Negative,Positive,Positive,5,5,3,1,1,2.2,2.2,1.6,1.0
fits so good againsst my ssssskin sso sssoft  mmmmakes me want to role around on my bed in nothing but this shirt  seriously it fits well looks good hangs well very soft  dont be surprised about how this it is  the thinness is exactly what i was looking for but others may not  i will definitely buy more some day  not for awhile thoughthe last set of three i bout 12 years ago im still wearing around the house as my comfy pj top,Negative,Positive,Positive,Negative,Positive,1,5,5,5,5,3.8,5.0,5.0,5.0
i bought this for halloween and it arrived just in time  im glad i read the reviews and went a size up im a usually a medium but got a large and it fit perfect  some of the fringe came off but the dress looked fine  it was really fun and comfortable to dance in  the headband is a plus and fit great too,Positive,Positive,Positive,Positive,Positive,5,5,5,5,5,5.0,5.0,5.0,5.0
i love these boots and am now on my 3rd pair they fit my rather thin calves perfectly most boots are too wide but are a bit stretchy to fit larger calves too the heel and platforms heights are perfect they are a little tight around the toes when i first put them on but after wearing them around for a while i dont notice it much i love wearing these with jeans and tank tops or a cute short dress,Positive,Positive,Positive,Positive,Positive,5,5,5,5,5,5.0,5.0,5.0,5.0
"edited 3 x

i received this ring from my bf for our 6 month anniversary as a promise ring and i absolutely love it

since the review above the stone fell out of the ring i edited my review because i wanted to warn future shoppers what happened to my ring

this last edit is to give thanks to this company for their great customer service after the negative edited review they were kind enough to replace the broken ring free of charge thanks",Positive,Positive,Positive,Positive,Positive,5,5,5,5,5,5.0,5.0,5.0,5.0
their size description had a medium being an 810 in womens this is typically what i wear usually an 8 and i could barely get the dress over my bust and hips still managed to wear it just didnt do much bending,Positive,Neutral,Negative,Positive,Positive,5,5,3,1,3,3.5999999999999996,3.5999999999999996,3.0,2.3999999999999995
i bought this to go with a sterling cross for my girlfriend  it is exactly what i wanted and at a great price  the clasp is sturdy and the chain itself is of good quality  i would certainly purchase again,Positive,Positive,Positive,Positive,Positive,5,5,5,5,5,5.0,5.0,5.0,5.0
"exactly what i expected which is fine
was worried about the delivery time but it arrived before the listed date so im happy",Positive,Positive,Positive,Positive,Positive,5,5,5,5,5,5.0,5.0,5.0,5.0
our four year old loves this the sounds and voice are great and the make and design are easy to place over head and fun to wear,Positive,Positive,Positive,Positive,Positive,5,5,5,5,5,5.0,5.0,5.0,5.0
nicely made socks they look very cute i get compliments on them all the time  i still wear them even after the party was over,Positive,Positive,Positive,Positive,Positive,5,5,5,5,5,5.0,5.0,5.0,5.0
i love this costume i ordered it on monday and it was delivered on friday with regular shipping i was surprised by how good the quality of the dress wasas other reviews have stated it does run a little small through the hip areanot uncomfortable just a little snug im 53 and 150i ordered the large and im happy with the length as it hits me about an inch or so up from my knee couldnt be happier,Positive,Positive,Positive,Positive,Positive,5,5,5,5,5,5.0,5.0,5.0,5.0
large before washing good after shrinking in a normal wash quality is just acceptable,Positive,Positive,Positive,Positive,Positive,5,5,5,5,3,3.5999999999999996,3.5999999999999996,3.5999999999999996,3.5999999999999996
great shoe,Positive,Positive,Positive,Positive,Positive,5,5,5,5,5,5.0,5.0,5.0,5.0
when the package arrived i was excited but then when i opened the package and started taking everything out noticed that while i was unfolding the skirt the color started trasfering onto the other side and ruined the stars i was very upset needless to say that i returned it,Positive,Negative,Negative,Positive,Positive,5,5,1,1,1,2.2,2.2,1.0,1.0
good quality tees and good fit,Positive,Positive,Positive,Positive,Positive,5,5,5,5,5,5.0,5.0,5.0,5.0
worked well for a retro shoot,Negative,Negative,Neutral,Neutral,Negative,3,1,1,3,5,4.4,3.8,3.8,4.4
quality is alright service not helpful to change size,Positive,Negative,Neutral,Positive,Positive,5,5,1,3,5,5.0,5.0,3.8,4.4
my first review but i have to sayabout 15 years ago i developed an allergy to nickle earrings necklaces belt buckles buttons bracelets and stopped wearing most jewelry i have to tape over my belt buckles or any metal that contacts my skin and was diagnosed as severely allergic by my doc after allergy skin test about a year ago i got my ears repierced with my daughter so we could have fun wearing jewelry and have tried every kind of hypo allergenic earring i could find studex sterling silver 925 surgical steel 14k gold and had allergic reactions to all of them if worn for even an hour studex that my ears were pierced with was the worst bleeding red itchy swollen earlobes a few weeks to heal in between each time i wore earrings searched amazon for an hour to find these and did some research they work as promised i had to force them through holes had partially closed and had some initial healing for about 2 weeks now im wearing them 247 no problems its a first and really wonderful i will get more this size is a bit small for a main earring so i will get the next size up thank you,Positive,Negative,Positive,Positive,Positive,5,5,1,5,5,5.0,5.0,3.8,5.0
"this shirt was a solid ok good for the price my fiances narrow shoulders didnt fit quite that well but id say someone with more average shoulders would have been fine

the shirting material was thinner so the pleated front was very very pronounced comparatively we were not fans personally but in fairness the issue would probably be minimized with a white undershirt

construction was nice and crisp the pleats were sized well and uniform however so i would still recommend for those looking in this price range",Positive,Positive,Positive,Positive,Positive,5,5,5,5,5,5.0,5.0,5.0,5.0
the costume is fine but it would be nice if it wouldve come with everyone it said it was supposed to im missing the headband bracelets and boot covers and cant find a way to contact the seller awesome,Positive,Positive,Positive,Positive,Positive,5,5,5,5,1,2.2,2.2,2.2,2.2
bought this knowing it was small and it certainly is  might take some getting used to but ill appreciate the less space it takes in my luggage  bought some smaller size toothpaste etc should work fine  point is if you want a regular sized one get a different model  all that said the dopp itself is great  clearly wellmade and will undoubtedly be durable  functional like the plastic lined pocket inside yet attractive for what that matters  completely satisfied,Positive,Positive,Positive,Positive,Positive,5,5,5,5,5,5.0,5.0,5.0,5.0
i usually wear a size 2 and i ordered a small the top was almost too big but around my hips and butt was tiny no room to move at all also i ordered it in white and a word of warning it is very see through the whole dress also looks extremely cheap and im almost afraid it will fall apart but i need it for a party so will be wearing it anyway,Neutral,Negative,Positive,Negative,Negative,1,1,1,5,1,1.0,1.0,1.0,2.2
ill fitting  i ordered large but it was more like an xlarge but still not fitting good i bought it because it was so discounted and thought i could fix it  but not sure,Neutral,Negative,Positive,Positive,Positive,5,5,1,5,1,2.2,2.2,1.0,2.2
theyre very durable cute and precious looking i have size 10 feet and was worried these wouldnt fit but they do  the only thing i dont like is that the lace isnt the neatest like they sew the lace  around the top of the sock and instead of sewing the end and beginning of the lace together they overlap the lace and then just cut i put a little bit of clear nail polish over the cut of the lace to stop it from unraveling,Negative,Negative,Positive,Negative,Negative,1,1,1,5,5,3.8,3.8,3.8,5.0
as other reviewers have said the skirt is really big and poofy i didnt mind because i wore this to waitress on halloween and it kept the creepers at bay since it is not too revealing i got a size medium i am usually a large i have dd cup size and i still had some room in the top so i would keep that in mind all in all a good and comfortable costume,Neutral,Positive,Positive,Positive,Positive,5,5,5,5,5,5.0,5.0,5.0,5.0
this is a very high quality dress  i do not understand the bad reviews  a little low cut for me but i will just pin up the straps  i am 52 and 105 lbs and it fit perfectly,Positive,Positive,Positive,Positive,Positive,5,5,5,5,5,5.0,5.0,5.0,5.0
looks as expected for a costume  dont expect to wear it multiple times though the fringe falls out easily,Negative,Positive,Positive,Negative,Positive,1,5,5,5,5,3.8,5.0,5.0,5.0
nice quality but a little small for 100s  would be great for shorts,Positive,Positive,Positive,Positive,Positive,5,5,5,5,5,5.0,5.0,5.0,5.0
these vneck shirts are must haves in every mans closet they always come in handy as casual wear over jeans or as undergarment for more formal attires the quality is good and soft and comfortable they are a perfect fit too for normalsized men i am a medium i got medium and it fit well,Positive,Positive,Positive,Positive,Positive,5,5,5,5,5,5.0,5.0,5.0,5.0
wearable but a little tight in bust area fits every else,Positive,Neutral,Negative,Positive,Positive,5,5,3,1,5,5.0,5.0,4.4,3.8
so much fun to see our 2 12 year old grandson in his one piece fuzzy pjs run around with this huge helmet  he certainly looked like an alien from the 60 and 70s  he loved it even if he could not quite reach the buttons  it is sized for a larger child ages 3 but with help we managed  there is not a lot of rocketship stuff for that age so ordered it knowing it would probably be too big appears to be solidly constructed  i appreciate the volume of the countdown  it is not too loud,Positive,Positive,Positive,Positive,Positive,5,5,5,5,5,5.0,5.0,5.0,5.0
i liked a lot these tshirts they are very confortable and fit very well in the body,Positive,Positive,Positive,Positive,Positive,5,5,5,5,5,5.0,5.0,5.0,5.0
good fit and comfortable,Neutral,Positive,Positive,Negative,Negative,1,1,5,5,5,3.8,3.8,5.0,5.0
took awhile to get here but were worth it,Positive,Positive,Positive,Positive,Positive,5,5,5,5,5,5.0,5.0,5.0,5.0
this dress was really comfortablebut definitely good advice on ordering the next size up i wish it had more pictures of it on the site but the dress itself is very nice,Positive,Positive,Positive,Positive,Positive,5,5,5,5,5,5.0,5.0,5.0,5.0
fit as expected measured with a snug tape measure only worn it 1x but the breeze through the hat was excellent construction seemed sturdy and it folded up and popped back on my test run so i think it will be ok,Positive,Positive,Positive,Positive,Positive,5,5,5,5,5,5.0,5.0,5.0,5.0
"love this costume fits  feels great
however the arm braclets are a little big they are silver i think they need to be gold colored to go with the rest of the costume",Positive,Positive,Positive,Positive,Positive,5,5,5,5,5,5.0,5.0,5.0,5.0
i love the dress it arrived quickly as described before there is little stretch in the hips so order accordingly i am 58 125 and the medium was perfect,Positive,Positive,Positive,Positive,Positive,5,5,5,5,5,5.0,5.0,5.0,5.0
love this bootie easy onoff runs a bit large but nothing too crazy great deal and adorable,Negative,Positive,Positive,Positive,Positive,5,5,5,5,5,5.0,5.0,5.0,5.0
great shirt,Positive,Positive,Positive,Positive,Positive,5,5,5,5,5,5.0,5.0,5.0,5.0
great product is my 3rd henschel hat,Positive,Positive,Positive,Positive,Positive,5,5,5,5,5,5.0,5.0,5.0,5.0
the cuffs are not true double french cuffs,Positive,Negative,Negative,Positive,Positive,5,5,1,1,3,3.5999999999999996,3.5999999999999996,2.3999999999999995,2.3999999999999995
i was looking for this kind of socks to wear on my wedding day and they are perfect exactly what i was looking for good quality comfortable good price and delivered on time,Positive,Positive,Positive,Positive,Positive,5,5,5,5,5,5.0,5.0,5.0,5.0
"sooooo cuuuuuuuute i love them sooo soo much

buy them naow",Positive,Positive,Positive,Positive,Positive,5,5,5,5,5,5.0,5.0,5.0,5.0
the fit was good but it arrived with the zipper broken i just used a safety pin since the cape covered the back anyway,Negative,Positive,Positive,Negative,Negative,1,1,5,5,3,2.3999999999999995,2.3999999999999995,3.5999999999999996,3.5999999999999996
sometime in the 1980s mens accessory shops were gone out of my boston scene  you know the kind that sold nail clippers shavers wallets and ties that made the search for essential accoutrements such as wallet inserts difficult  shopping amazon isnt as personal and friendly but it fulfills the requirement  amazon is if anything comprehensive  oh waiti gave this 5 stars before but 4 weeks later i changed my mind  the flap used to secure the insert into the wallet split allowing my cards and photos to fall out when i opened the wallet  i had to secure it together with scotch tape originally the insert that came with the wallet wore out after several years of wear  this is a cheap replacement  poor quality no quality control but im stuck with it  any alternative,Positive,Positive,Positive,Positive,Positive,5,5,5,5,1,2.2,2.2,2.2,2.2
these slipons are the most comfortable shoes i have ever worn  it feels like i am wearing house slippers every time i put them on  if i had any critique at all you will want to waterproof them regularly  when i wear them in the rain the water splashes up onto the toe and after a while will soak through  but a good mink oil will take care of this  sad to say ive just about worn my pair out i wear them every day to workill be on the lookout for another pair to replace them  maybe ill get one of each color this time  you will not be disappointed,Positive,Positive,Negative,Positive,Positive,5,5,5,1,5,5.0,5.0,5.0,3.8
my son has the outfit so it wasnt complete until we got him the helmet he loves it one of his favorites,Negative,Positive,Positive,Negative,Negative,1,1,5,5,5,3.8,3.8,5.0,5.0
great costume just runs a bit larger than expected,Neutral,Positive,Positive,Neutral,Negative,3,1,5,5,5,4.4,3.8,5.0,5.0
i purchased 6 pairs for the wife who has too many boots shoes clothes etc  they are made of plastic and the inner tension rod is made of metal  the rod has enough resistance that the boot is sturdily held upright perfectly  to place inside the boot you simply squeeze the shapers while pushing them down into the boot  they may be a little difficult to insert at first but with a little practice it becomes easier  a hook is also included which allows the boots to be hung from a closet rod very nice indeed  the wife loves them so i cant complain,Positive,Positive,Positive,Positive,Positive,5,5,5,5,5,5.0,5.0,5.0,5.0
the dress only fit as expected because i read previous reviews i ordered a size large and it fit great im 59 and about 160 lbs the dress was a perfect length not too short it was really cute and i would highly recommend it for someone looking for a 20s dress,Positive,Positive,Positive,Positive,Positive,5,5,5,5,5,5.0,5.0,5.0,5.0
best yet,Positive,Positive,Positive,Positive,Positive,5,5,5,5,5,5.0,5.0,5.0,5.0
looks nice,Positive,Positive,Positive,Positive,Positive,5,5,5,5,5,5.0,5.0,5.0,5.0
my 8 year old loved this helmet he had no trouble with the size at all good product i would recommend it,Neutral,Positive,Positive,Positive,Positive,5,5,5,5,5,5.0,5.0,5.0,5.0
although i did not get the bag here i got it a thrift shop for 300 and it still had tags its worth paying full price for  i use it for my 14 laptop among other things  well made and well designed  i highly recommend it,Positive,Positive,Positive,Positive,Positive,5,5,5,5,5,5.0,5.0,5.0,5.0
my son loves this helmet  we bought it as part of halloween costume but im sure he will play with it for years to come,Positive,Positive,Positive,Positive,Positive,5,5,5,5,5,5.0,5.0,5.0,5.0
great product  both grandchildren have  already spent hours in the  astronaut  suit and helmut communicating with launch officials and pretending to be their favorite astronaut,Positive,Positive,Positive,Positive,Positive,5,5,5,5,5,5.0,5.0,5.0,5.0
great hat,Positive,Positive,Positive,Positive,Positive,5,5,5,5,5,5.0,5.0,5.0,5.0
we bought these chains to go with a pendant for mothers day  they arrived before we expected and were great with the pendant,Positive,Positive,Positive,Positive,Positive,5,5,5,5,5,5.0,5.0,5.0,5.0
great for the price and for halloween ,Negative,Positive,Positive,Neutral,Positive,3,5,5,5,5,4.4,5.0,5.0,5.0
its very nice but im tiny so even the small is a little large on me wish it came in xsmall,Positive,Positive,Positive,Positive,Positive,5,5,5,5,3,3.5999999999999996,3.5999999999999996,3.5999999999999996,3.5999999999999996
good length good quality sometimes t shirts can be too short especially after a little shrinking in the wash,Positive,Positive,Positive,Positive,Positive,5,5,5,5,5,5.0,5.0,5.0,5.0
my seven year old son got this for his birthday and then used it as part of his halloween costume  it is large as noted in other reviews  my husband has no problem wearing it  however my four year old also wears it without a problem,Negative,Positive,Positive,Negative,Negative,1,1,5,5,5,3.8,3.8,5.0,5.0
i love the way these look but my baby wore them two times and the string broke on both shoes  my husband did it on the first one and i yelled at him saying he pulled too hard and i went to tie the second shoe and the lace completely ripped off  what a waste of money  i do not even know who to contact on here to discuss a replacement or return,Negative,Negative,Positive,Positive,Negative,5,1,1,5,1,2.2,1.0,1.0,2.2
i bought a medium  fits snugly  tried a friends large  too big  better to be snug which helps keep it on in moderate winds,Positive,Positive,Positive,Positive,Positive,5,5,5,5,5,5.0,5.0,5.0,5.0
the clothes some long quality is good comfortable to wear,Positive,Positive,Positive,Positive,Positive,5,5,5,5,5,5.0,5.0,5.0,5.0
girlfriend loves it wears it every day would recommend it to anyone looking for a present for their significant other i personally went for valentines day,Positive,Positive,Positive,Positive,Positive,5,5,5,5,5,5.0,5.0,5.0,5.0
hot fun,Positive,Positive,Positive,Positive,Positive,5,5,5,5,5,5.0,5.0,5.0,5.0
little stiff the shoe rubs against my ankle a bit that will probably get better once broken in they look great,Positive,Positive,Positive,Positive,Positive,5,5,5,5,3,3.5999999999999996,3.5999999999999996,3.5999999999999996,3.5999999999999996
"i have bought bostonian shoes for years  this is the worst shoe i have bought  in fact the shoe fits so poorly and needs so much breakin i doubt i will ever where this shoe or buy another bostonian  i put the shoe on and had to take it off immediatley because they just didnt fit the way they should  this shoe says it was made in india past bostonians i have bought including my previous pair of bostonianswere made in mexico and fit and felt much better  i guess bostonian shoes just what they use to be

be careful of gabriel shoes they said they have had a great return policy when i bought through amazon and when i contacted them by phone after i had trouble with the shoes they said once the amazon package has been opened  they will not take the shoes backs even if they didnt fit and where not worn",Positive,Positive,Positive,Positive,Positive,5,5,5,5,1,2.2,2.2,2.2,2.2
nice,Negative,Positive,Positive,Positive,Positive,5,5,5,5,5,5.0,5.0,5.0,5.0
it is a nice necklace thatll go well with most pendants great as a gift,Positive,Positive,Positive,Positive,Positive,5,5,5,5,5,5.0,5.0,5.0,5.0
i would only recommend this as a fashion accessory to the most fab parties because if you actually need an eye patch it really sucks,Positive,Positive,Positive,Positive,Neutral,5,3,5,5,5,5.0,4.4,5.0,5.0
it was two sizes too big but i rather it be too big than too small i was able to talyor it to fit,Positive,Positive,Positive,Positive,Positive,5,5,5,5,5,5.0,5.0,5.0,5.0
i bought three 14 inch chains for my granddaughters birthstone charms  the chains are flexible shiny and easy for preteen girls to put on and take off  id recommend these to anyone,Positive,Positive,Positive,Positive,Positive,5,5,5,5,5,5.0,5.0,5.0,5.0
necklaces were as described and arrived within the time period would purchase from this vendor again,Positive,Neutral,Neutral,Positive,Positive,5,5,3,3,5,5.0,5.0,4.4,4.4
i read the other reviews and so went a size up they have a weight chart listed on the packaging which i think would make a lot more sense to show than the sizing which is clearly wrong,Positive,Negative,Negative,Positive,Positive,5,5,1,1,5,5.0,5.0,3.8,3.8
too heavy the fabric is soft but garment feels heavy and constricting it would just be too much when worn with a nightgown underneath,Positive,Negative,Negative,Positive,Positive,5,5,1,1,1,2.2,2.2,1.0,1.0
worked great,Neutral,Positive,Positive,Positive,Positive,5,5,5,5,5,5.0,5.0,5.0,5.0
the best,Positive,Positive,Positive,Positive,Positive,5,5,5,5,5,5.0,5.0,5.0,5.0
grrrrrreat,Positive,Neutral,Neutral,Positive,Positive,5,5,3,3,5,5.0,5.0,4.4,4.4
for the price they cant be beat looked all over for the right type of oxfords  knew bostonians worked for me but couldnt find oxfords in a store even in nyc,Positive,Neutral,Positive,Positive,Positive,5,5,3,5,5,5.0,5.0,4.4,5.0
the other reviewers are right  you literally cannot get the wrinkles out of this shirt  my dry cleaners press this thing multiple times and it still show creases,Negative,Neutral,Positive,Positive,Positive,5,5,3,5,1,2.2,2.2,1.6,2.2
very nice fringe all the way around,Negative,Positive,Positive,Negative,Negative,1,1,5,5,5,3.8,3.8,5.0,5.0
well designed  good quality cotton  true to size and fit  minimal shrinking if you do not dry in dryer,Positive,Positive,Positive,Positive,Positive,5,5,5,5,5,5.0,5.0,5.0,5.0
a little bit large for a medium size i believe im 5ft7,Positive,Neutral,Positive,Positive,Positive,5,5,3,5,5,5.0,5.0,4.4,5.0
tried putting these on and honestly thought huh maybe they sent me a girls size  these are for adults  i am only 54 they wouldnt pull up to even cover my backside  returned them,Neutral,Positive,Positive,Positive,Positive,5,5,5,5,1,2.2,2.2,2.2,2.2
great shoe a well constructed classic only drawback is you need to water proof the sole because an all leather sole soaks up water on rainy days slush and salt on winter days which will eventually ruin the sole bottom line is you have to take care of the shoe for it to last,Positive,Positive,Positive,Positive,Positive,5,5,5,5,5,5.0,5.0,5.0,5.0
i ordered this costume for a roaring 20s party and it really was perfect  but be careful when ordering because the dress runs small  i normally wear a size 4 and would have ordered a small but after reading in the reviews that the dress runs small i ended up ordering a medium  good thing i did  the medium was very snug and i could barely get into it but once i got it on it was comfortable and looked great,Positive,Positive,Positive,Positive,Positive,5,5,5,5,5,5.0,5.0,5.0,5.0
my son likes the idea of having an astronaut helmet but it is so poorly made and low tech that it does not come close to warranting the high price  the face shield broke on the first use  its a very poor value,Neutral,Negative,Negative,Positive,Positive,5,5,1,1,1,2.2,2.2,1.0,1.0
actually i didnt buy them as liner gloves i was looking for a light weight glove with some flexibility and durability these fit the bill they are perfect for dog walking in moderate winter weather fingers are a little short but they still work,Positive,Positive,Positive,Positive,Positive,5,5,5,5,5,5.0,5.0,5.0,5.0
ok,Positive,Positive,Positive,Positive,Positive,5,5,5,5,5,5.0,5.0,5.0,5.0
my 6 yo son wears them just about every other day he loves them and never complains about his feet hurting they still look good after 6 months of hard wear,Positive,Positive,Positive,Positive,Positive,5,5,5,5,5,5.0,5.0,5.0,5.0
good tshirts,Negative,Positive,Positive,Positive,Negative,5,1,5,5,5,5.0,3.8,5.0,5.0
this costume was a life saver because of a how sexy it was b how budget conscious it was compared to all those nearly 100 costumed out there now a days c the good quality i was really excited to dress up this flapper dress with some fishnets a boa cigarette extension and gloves for the price it is a really nice costume that got a lot of attention because it looked nice and its just an easy costume to buy accessories for with very little money i really liked the touch that the little headpiece added it is true that the dress fits tight around the legs i have to admit i deffinitely did a shimmy dance getting into a small but in my case i wanted to go for a sexy flapper look and decided to go with the small not medium so if you are not trying to do that and want it to fit comfortably i would recommend getting a size larger im going to keep this costume for later use and to lend to friends,Neutral,Positive,Positive,Neutral,Neutral,3,3,5,5,5,4.4,4.4,5.0,5.0
i bought this as a gift for my 9 yearold daughter  she loves it and the 14 inch chain is the perfect length  great quality great seller  will purchase from them again,Positive,Positive,Positive,Positive,Positive,5,5,5,5,5,5.0,5.0,5.0,5.0
"i am a female and i was looking for the perfect messenger bag for schoolcame across this bag and ordered itlooks are deceiving it was so huge in person i tried it on and i felt like a man ughit makes women look manlyboyish and it is just too bigfor men this bag would be greatif you are a woman i dont recommend this bag

anywho jansport rocks and always will",Positive,Positive,Positive,Positive,Positive,5,5,5,5,5,5.0,5.0,5.0,5.0
"i guess you get what you pay for the buckle is as cheap as they come and the sizing is off

i measured my thighs with jeans on and they were 12 smaller than the high range of the size i ordered the chaps came in and they stopped about 34 of the way up my thigh the zipper starts at the bottom so there was no way to get any additional slack i got the chaps a day before leaving on an extended vacation and didnt try them on until returning home by that time my window for returning them had elapsed i now have chaps that i will only be able to wear if i loose some weight",Neutral,Negative,Positive,Positive,Positive,5,5,1,5,1,2.2,2.2,1.0,2.2
this balaclava is thin enough to see through  however it still seems to contain a good amount of heat and is thin enough to wear year round  overall a good buy for the money,Positive,Positive,Positive,Positive,Positive,5,5,5,5,5,5.0,5.0,5.0,5.0
very nice,Positive,Positive,Positive,Positive,Positive,5,5,5,5,5,5.0,5.0,5.0,5.0
"this buckle is hot  this design although popular makes a very unique statement it is made of a great quality pewter so it is durable and qualitative on the back of this buckle there is sticker that says

this is not a toy the points on the sides that make the cross are wicked sharp not sharp like a blade but if the right pressure is applied it could cause harm  so be careful  this buckle although small can work for any style or personality  get it youll love it",Positive,Positive,Positive,Positive,Positive,5,5,5,5,5,5.0,5.0,5.0,5.0
upon opening my order the shirts had an off white look to them looking closer they had a slight pink look to them  i have washed with bleach twice and now they look light pink  to lazzy to deal with hassel of returning  so into the clean rag drawer they go,Positive,Positive,Positive,Positive,Positive,5,5,5,5,1,2.2,2.2,2.2,2.2
i expected it to fit comfortably  it did,Positive,Positive,Positive,Positive,Positive,5,5,5,5,5,5.0,5.0,5.0,5.0
it is great,Positive,Positive,Positive,Positive,Positive,5,5,5,5,5,5.0,5.0,5.0,5.0
bought this for my wife and did not read the fine print i thought it safe to assume a womens cigarette case would hold 100s not the case pardon the punn so i had to return this and buy the correct size which of course can be found on amazon,Negative,Positive,Positive,Positive,Negative,5,1,5,5,1,2.2,1.0,2.2,2.2
looked great but medium was more like a small it was great for the costume party we attended  i am at 68 and the medium was tight just wish it was a little bigger,Positive,Positive,Positive,Positive,Positive,5,5,5,5,3,3.5999999999999996,3.5999999999999996,3.5999999999999996,3.5999999999999996
love it,Negative,Positive,Positive,Positive,Positive,5,5,5,5,5,5.0,5.0,5.0,5.0
it was beautiful fit good i ordered one size bigger like all the other comments and it fit since i am short i had to make some alterations to the straps but overall it was a good product,Positive,Positive,Positive,Positive,Positive,5,5,5,5,5,5.0,5.0,5.0,5.0
"the chain was very shiny very pretty
i needed a long chain to hang a large rose quartz heart on
this chain was perfect and the price was too",Positive,Positive,Positive,Positive,Positive,5,5,5,5,5,5.0,5.0,5.0,5.0
ordered 2 one broke all ready,Positive,Negative,Positive,Positive,Positive,5,5,1,5,1,2.2,2.2,1.0,2.2
it is too larg  i donated to my friend ,Positive,Positive,Neutral,Positive,Positive,5,5,5,3,1,2.2,2.2,2.2,1.6
the fabric is very thin and  it is wide in the waist but a nice shirt for the money and makes a nice shirt for hot summer nights,Positive,Positive,Positive,Positive,Positive,5,5,5,5,5,5.0,5.0,5.0,5.0
the face of the watch moves around when you change the time i also found the stem would pop up while it is in my pocket that allows the time to stop the chain is cool but the craftsmanship is clearly sub par it is real light and obviously cheap,Positive,Positive,Positive,Positive,Positive,5,5,5,5,1,2.2,2.2,2.2,2.2
shrunk a bit when dried,Positive,Neutral,Negative,Negative,Positive,1,5,3,1,5,3.8,5.0,4.4,3.8
"just as i expected one thing that someone who is interested to boy this must bear in mind the price this costume is really good if someone want an amazing materials can buy the expensive costumes starting from 50
it is excellent and fits perfectly its porpoise
i highly recommend it",Positive,Positive,Positive,Positive,Positive,5,5,5,5,5,5.0,5.0,5.0,5.0
i say not a bad buy for not having to go into a store and try them on think i may buy another,Positive,Positive,Positive,Positive,Positive,5,5,5,5,5,5.0,5.0,5.0,5.0
good one step down from florsheims flagship shoe but also half the price and a shine that doesnt quit,Negative,Positive,Positive,Positive,Positive,5,5,5,5,5,5.0,5.0,5.0,5.0
ok,Positive,Positive,Positive,Positive,Positive,5,5,5,5,5,5.0,5.0,5.0,5.0
"beautiful chain sturdy shiny elegant
i love gem avenue and their products i will definately continue to buy from them",Positive,Positive,Positive,Positive,Positive,5,5,5,5,5,5.0,5.0,5.0,5.0
"i purchased to use while watching a major golf tournatment and it worked great

this hat really kept my head cool and ears shaded unlike the golf cap i typically wear the wife and kids also commented on how nice looking it was have worn it many times now and wish i had purchased one earlier",Positive,Positive,Positive,Positive,Positive,5,5,5,5,5,5.0,5.0,5.0,5.0
perfect and fast shipping,Neutral,Positive,Positive,Positive,Positive,5,5,5,5,5,5.0,5.0,5.0,5.0
i got this for my wife for christmas because shes almost always cold  she had asked for a warm cozy robe and this delivered  normally she would be a size small but after reading the reviews and seeing that they seem to run big i ordered an extrasmall  even it was slightly big but fit well enough  my wife says that this thing is very cozy and sometimes even a little too warm but she loves it  the length is good for her 5 3 and weight is perfect  shes very happy with the robe,Positive,Positive,Positive,Positive,Positive,5,5,5,5,5,5.0,5.0,5.0,5.0
bought three of these for the grandsons to infinity and beyond my grown son can even wear this but my daughterinlaw says he has to share with the boys he doesnt need own,Negative,Positive,Positive,Negative,Negative,1,1,5,5,5,3.8,3.8,5.0,5.0
i had ordered the wrong style of bostonian wingtip initially  this shoe was just what i wanted and the exchange was easy  it fits right and is a great quality shoe,Positive,Positive,Positive,Positive,Positive,5,5,5,5,5,5.0,5.0,5.0,5.0
this is a cute and fun dress but like a lot of the other reviews have noted its sized for a stick person i wear a 1012 but opted for the xl after reading the reviews the xl just barely fits and im not sure if i am going to wear it yet if you have any curves go a size maybe even two up,Positive,Positive,Positive,Positive,Positive,5,5,5,5,3,3.5999999999999996,3.5999999999999996,3.5999999999999996,3.5999999999999996
the helmet was a great addition to the suit  the audio could be a bit louder  he was thrilled with it  hoping for a future astronaut,Neutral,Positive,Positive,Positive,Positive,5,5,5,5,5,5.0,5.0,5.0,5.0
this hipster wallet insert is cheap and functional  but it has just four pages  with 2 pockets per page  the previous insert i wore out had six pages so i had to decide which cards to carry and leave the rest home,Negative,Negative,Positive,Positive,Positive,5,5,1,5,3,3.5999999999999996,3.5999999999999996,2.3999999999999995,3.5999999999999996
this is a nice dress for a costume  my only complaint is that the sizing listed online is different than the sizing on the package  unfortunately wayyyy to small,Positive,Negative,Negative,Positive,Positive,5,5,1,1,3,3.5999999999999996,3.5999999999999996,2.3999999999999995,2.3999999999999995
"i bought a l and it fitted me but i normally wear m so you should definitely buy a larger size than usual
the costume was nice",Positive,Positive,Positive,Positive,Positive,5,5,5,5,5,5.0,5.0,5.0,5.0
garbage,Positive,Neutral,Neutral,Neutral,Negative,3,1,3,3,1,1.6,1.0,1.6,1.6
definitely order one size down i am usually a l and ordered a m per the reviews so glad i did because this one is still a bit roomy with that said it still looks good it is very flattering and looks great i am very happy with it,Positive,Positive,Positive,Positive,Positive,5,5,5,5,5,5.0,5.0,5.0,5.0
maybe my tights were mislabeled  i bought the one size fits most black and orange tights  the package says 90 lbs to 160 lbs  i weigh 120 lbs and the tights do not pull all the way up  super tight  will try to get through the day for halloween  how could someone that is 160 lbs fit in these,Negative,Positive,Positive,Negative,Positive,1,5,5,5,1,1.0,2.2,2.2,2.2
good quailty,Neutral,Positive,Positive,Positive,Positive,5,5,5,5,5,5.0,5.0,5.0,5.0
wonderful quality product very much worth the price  its kinda on the big side though if you are petite,Positive,Positive,Positive,Positive,Positive,5,5,5,5,5,5.0,5.0,5.0,5.0
"the quality isnt great but im just needing to use these tights one time for a run that im dressing up for so its ok
however one size fits all isnt the case these would fit a size small to medium
to give you an idea who they will fitim 56 12
and 125lbs they fit me perfect im not overweight but im not especially thin either athletic build and what weight i do carry is all in my thighs and but",Positive,Positive,Positive,Positive,Positive,5,5,5,5,3,3.5999999999999996,3.5999999999999996,3.5999999999999996,3.5999999999999996
i am 180cm 160lbs but it too large for me,Neutral,Neutral,Positive,Positive,Positive,5,5,3,5,3,3.5999999999999996,3.5999999999999996,3.0,3.5999999999999996
the material is ok but is too large is recomender the refer the size in a additional table 185 cm and 85 kg,Neutral,Positive,Positive,Positive,Positive,5,5,5,5,3,3.5999999999999996,3.5999999999999996,3.5999999999999996,3.5999999999999996
costume is well made fits a bit big so i would order a size smaller than you think you should the boots fit a bit weird but overall a really good deal for its price,Positive,Positive,Positive,Neutral,Positive,3,5,5,5,5,4.4,5.0,5.0,5.0
fits perfect it has elastic in certain areas which makes it a great for anyone because we are all not proportioned the same,Negative,Positive,Positive,Positive,Positive,5,5,5,5,5,5.0,5.0,5.0,5.0
this product has a different pitcher then what you actually get dont get it the back is not turquoise its just a pic of plastic,Negative,Neutral,Neutral,Negative,Negative,1,1,3,3,1,1.0,1.0,1.6,1.6
mmy son loves it but we had to pad it out to make it fit it is big enough for an adult,Positive,Positive,Positive,Positive,Positive,5,5,5,5,5,5.0,5.0,5.0,5.0
i bought this along with a pendant and the shipping was great when the items came in i was thrilled the chain is beautiful and the pendant looks great hanging from it,Positive,Positive,Positive,Positive,Positive,5,5,5,5,5,5.0,5.0,5.0,5.0
the dress looks gorgeous on  once you figure out your size the dress is marvelous runs a bit small,Positive,Positive,Positive,Positive,Positive,5,5,5,5,5,5.0,5.0,5.0,5.0
i bought an 810 medium i think for my 14 yo daughter i was afraid that the small would b too small i was right the medium fits great the material is top notch this costume is gorgeous and does not look cheap in any way i love it,Positive,Positive,Positive,Positive,Positive,5,5,5,5,5,5.0,5.0,5.0,5.0
"i purchased this item for my daughter to wear with a charm picture of her son  the chain makes the look  it is of great quality and really makes the whole look expensive and well done
a datahookproductlinklinked classalinknormal hrefsterlingsilver1mmitalianboxlinkchain14161820222430necklacedpb0006hb4xerefcm_cr_arp_d_rvw_txtieutf8sterling silver 1 mm italian box link chain 14 16 18 20 22 24 30 necklacea",Positive,Positive,Positive,Positive,Positive,5,5,5,5,5,5.0,5.0,5.0,5.0
very nice and so cute,Positive,Positive,Positive,Positive,Positive,5,5,5,5,5,5.0,5.0,5.0,5.0
great texture fit quite well,Positive,Positive,Positive,Positive,Positive,5,5,5,5,5,5.0,5.0,5.0,5.0
cool astronaut helmet unfortunately it was without sound halloween costume so not as peeved as i would have been if sound had been important,Neutral,Positive,Positive,Positive,Positive,5,5,5,5,3,3.5999999999999996,3.5999999999999996,3.5999999999999996,3.5999999999999996
fits fine,Positive,Positive,Positive,Positive,Positive,5,5,5,5,5,5.0,5.0,5.0,5.0
"theyre for my 7 year old grandson he loves them

update hes had them 8 months now he still loves them and he wears them everywhere moreover after a little ageing they take on more of a look of real snakeskin",Positive,Positive,Positive,Positive,Positive,5,5,5,5,5,5.0,5.0,5.0,5.0
im very satisfied with this product it has a great looking and an afoordable price,Positive,Positive,Positive,Neutral,Neutral,3,3,5,5,5,4.4,4.4,5.0,5.0
it does run small but ordered 2 sizes up and it was a hit  ordered in black very classy looking,Neutral,Positive,Negative,Positive,Positive,5,5,5,1,5,5.0,5.0,5.0,3.8
this bage is huge  its light weight fairly weatherproof and holds weight well  i would still be using it if my dog hadnt chewed through the inside lining to eat a lost boiled egg  the lining is a little thin  this would be a great carry on or weekend bag,Positive,Positive,Positive,Positive,Positive,5,5,5,5,5,5.0,5.0,5.0,5.0
excellent quality at a value price fit is exact,Positive,Positive,Positive,Positive,Positive,5,5,5,5,5,5.0,5.0,5.0,5.0
kids actually love these helmets 3 stars bc one of them arrived broken and we had to return it,Negative,Positive,Positive,Negative,Negative,1,1,5,5,3,2.3999999999999995,2.3999999999999995,3.5999999999999996,3.5999999999999996
i bought two chains one for my mother and mother in law to hold birthstone pendants i had purchased for them for mothers day the chains are beautiful and go great with the pendants i chose they came very quickly so quickly in fact that i may just buy another one for my grandmother for mothers day,Positive,Positive,Positive,Positive,Positive,5,5,5,5,5,5.0,5.0,5.0,5.0
finally a  neck size that fits,Positive,Neutral,Neutral,Positive,Positive,5,5,3,3,5,5.0,5.0,4.4,4.4
the dress fit well and was perfect for my event it doesnt come with the boa or necklace but the head piece was an added touch,Positive,Positive,Positive,Positive,Positive,5,5,5,5,5,5.0,5.0,5.0,5.0
i bought this for my 8 12 year old son  the helmet itself was huge can fit an adult with no problems because of this it basically floated on my sons head as for the face protector working by a touch of a button and the electronic recording these were the selling characteristics but too pricey for not having enough positive things to balance out the negativenot enough to keep a childs interest  my son enjoyed it the first couple of days but has not picked it up since i also think if it fit better had a padded plactic skull frame inside for a snug fit it would rate better and people wouldnt mind paying the asking price so much,Positive,Positive,Positive,Positive,Positive,5,5,5,5,3,3.5999999999999996,3.5999999999999996,3.5999999999999996,3.5999999999999996
just wore it for the first time very good quality and appearance the price was great,Positive,Positive,Positive,Positive,Positive,5,5,5,5,5,5.0,5.0,5.0,5.0
order a size up i ordered my normal size first and was a tad small the size up fit perfectly,Negative,Positive,Positive,Negative,Negative,1,1,5,5,5,3.8,3.8,5.0,5.0
i little to large but super warm and cozy,Positive,Positive,Positive,Positive,Positive,5,5,5,5,5,5.0,5.0,5.0,5.0
its crazy when about 10 people in an airport asks you whered you get that shirt and some old dude asked his wife to buy him one for his birthday,Positive,Negative,Negative,Positive,Positive,5,5,1,1,5,5.0,5.0,3.8,3.8
worth the extra money over cheaper t shirts,Positive,Positive,Positive,Positive,Positive,5,5,5,5,5,5.0,5.0,5.0,5.0
these shirts fit perfectly and are a great buy,Positive,Positive,Positive,Negative,Negative,1,1,5,5,5,3.8,3.8,5.0,5.0
"i ordered a ladies cigarette case for my wife and a pack of marlboro 100s would not fit in the case  i was ripped off  a cigarette case should be able to hold any cigarette pack  i will not do business with silverhooks again

its not even worth the postage to send it back

dissatisfied big time",Negative,Negative,Positive,Positive,Positive,5,5,1,5,1,2.2,2.2,1.0,2.2
i use this every time i travel  its well made and not too big  i was concerned about it being too small but its just right  if anything it keeps me from packing more stuff than necessary  great item,Positive,Positive,Positive,Positive,Positive,5,5,5,5,5,5.0,5.0,5.0,5.0
received it quickly and in great condition along with a catalog and coupons for the next purchase,Positive,Positive,Positive,Positive,Positive,5,5,5,5,5,5.0,5.0,5.0,5.0
ive been wearing these shirts for years they are the perfect aroundthehouse comfortable shirt and theyre more stylish imo than a typical white tshirt the cotton is soft and feels great they have double stitching and have stood up to lots of machine washing i love that theres no paperplastic tag the printed one inside the shirt is genius my shirts have made in haiti on them fwiw,Neutral,Positive,Positive,Positive,Positive,5,5,5,5,5,5.0,5.0,5.0,5.0
loved the costume but it was a little too big i normally wear a large 1214 in tops so i thought it would fit i still got lots of compliments on it i just would have liked it to be more form fitting ,Positive,Positive,Positive,Positive,Positive,5,5,5,5,3,3.5999999999999996,3.5999999999999996,3.5999999999999996,3.5999999999999996
a lot larger than described,Positive,Neutral,Neutral,Positive,Positive,5,5,3,3,3,3.5999999999999996,3.5999999999999996,3.0,3.0
i needed a nice inexpensive chain for a charm i received this chain was beautiful and very sturdy i was very pleased with every aspect of the chain,Positive,Positive,Positive,Positive,Positive,5,5,5,5,5,5.0,5.0,5.0,5.0
i ordered this chain to hold my ankh pendant and its perfect not too thin or too bulky it hangs perfectly i ordered the 24 in it looks beautiful with my ankh cross i wear it everyday,Positive,Positive,Positive,Positive,Positive,5,5,5,5,5,5.0,5.0,5.0,5.0
these are the best undershirts available  could be an inch or two longer  but they are a good 3 inches longer than comparable hanes after washing,Positive,Positive,Positive,Positive,Positive,5,5,5,5,5,5.0,5.0,5.0,5.0
almost every review i read said the costume ran large  im 55 and 115lbs  i get a small in everything so i ordered an extra small  the dress was way too tiny and the arm bands were huge  i re ordered a small,Neutral,Positive,Negative,Positive,Positive,5,5,5,1,5,5.0,5.0,5.0,3.8
super cute  i used them for a 80s themed party they were a little thin but great,Positive,Positive,Positive,Positive,Positive,5,5,5,5,5,5.0,5.0,5.0,5.0
really good,Neutral,Positive,Positive,Positive,Positive,5,5,5,5,5,5.0,5.0,5.0,5.0
fits my 8 month old perfect she loves it and it looks adorable on her,Neutral,Positive,Positive,Positive,Positive,5,5,5,5,5,5.0,5.0,5.0,5.0
great under a big comfy dress,Negative,Positive,Positive,Negative,Negative,1,1,5,5,5,3.8,3.8,5.0,5.0
bought this to put away for christmas after researching a bunch and previously ordering another one i had to return due to it being so cheaply made  looks good speaker quality seems fine sturdy visor  plastic a little thinner than i thought with a seam with clips running down the middle of the helmet  i guess if it were heavier plastic it would be just that heavy  will update after christmas if does not hold up,Positive,Positive,Positive,Negative,Positive,1,5,5,5,5,3.8,5.0,5.0,5.0
got these on sale for half what ive paid for same quality shoes at retail shoe stores as long as you know your size and have no unusual foot problems even using the sizing chart gets you an excellent fit and value great all leather upper and lower dress shoes,Positive,Positive,Positive,Positive,Positive,5,5,5,5,5,5.0,5.0,5.0,5.0
my 4  6 year old love this helmet  it easily fits my sons big head with no problem  perfect for this upcoming halloween,Positive,Positive,Positive,Positive,Positive,5,5,5,5,5,5.0,5.0,5.0,5.0
the dress is cute  it arrived within 24 hours of rush ordering it however both the description and the packaging say it comes with the dress and a headband but there was no headband  sad because im wearing it tomorrow night  be sure to order accessories if you need them a bit disappointed,Positive,Positive,Negative,Positive,Positive,5,5,5,1,5,5.0,5.0,5.0,3.8
great product shipped as promised and very fast delivery,Positive,Positive,Positive,Positive,Positive,5,5,5,5,5,5.0,5.0,5.0,5.0
great hat  packs well  i dont look stupid  offers excelent sun protection  tend to shrink after diving in pool  will purchase again,Positive,Positive,Positive,Positive,Positive,5,5,5,5,5,5.0,5.0,5.0,5.0
every thing was received as i expected very good service and good price,Positive,Positive,Positive,Positive,Positive,5,5,5,5,5,5.0,5.0,5.0,5.0
ive only worn them once after theyve gone through the wash and dryer  they dont fit tight like some of the stretch calvin klein or similar vneck ive been looking for but they are definitely quality and are what i was expecting to buy  calvin klein also makes the best boxer briefs i own  would recommend,Negative,Positive,Positive,Negative,Negative,1,1,5,5,5,3.8,3.8,5.0,5.0
okay quality i wear about a 14 and purchased the large it may be because i am only 5ft the boot covers are a joke,Neutral,Positive,Positive,Negative,Positive,1,5,5,5,3,2.3999999999999995,3.5999999999999996,3.5999999999999996,3.5999999999999996
this is the second one i got high quality material and a perfect size to fit everything you need in there i definitely recommend,Positive,Positive,Positive,Negative,Positive,1,5,5,5,5,3.8,5.0,5.0,5.0
i ordered this costume for my daughter who was attending a 20sthemed wedding i was pleasantly surprised at how well it was made and the weight of the material it was made with it was well worth the reasonable price i paid,Neutral,Positive,Positive,Neutral,Neutral,3,3,5,5,5,4.4,4.4,5.0,5.0
if youre like me some shirts can make you feel like youre being choked by a really weak guy thank you mitch hedberg these shirts will eliminate that problem unless youre really being choked by a weak guy quality cotton as opposed to the crap cotton available on all cheap tshirts fruit of the loom these feel good and look good,Positive,Negative,Positive,Positive,Positive,5,5,1,5,5,5.0,5.0,3.8,5.0
he loves it  he wears it to mow grass garden and to fish  well made airy and covers the ears which prevents those sunburned ears,Positive,Positive,Neutral,Positive,Positive,5,5,5,3,5,5.0,5.0,5.0,4.4
its a nice hat made well and looks good the best part is that it is made in the usa,Positive,Positive,Positive,Positive,Positive,5,5,5,5,5,5.0,5.0,5.0,5.0
so so,Positive,Neutral,Neutral,Positive,Positive,5,5,3,3,5,5.0,5.0,4.4,4.4
comfortable and cute,Positive,Positive,Positive,Positive,Positive,5,5,5,5,5,5.0,5.0,5.0,5.0
i loved the look of this costume  the boot socks did not fit well for me and the top was a bit loose although the neck strap for the cape was too tight  with a few modifications the costume worked out well though  certainly worth the price  i did choose to purchase a metal tiara and cuffs separately  the ones that came with the costume were felt and rather cheapi didnt mind though considering the costume was so inexpensive to begin with,Negative,Positive,Positive,Positive,Positive,5,5,5,5,5,5.0,5.0,5.0,5.0
i really felt like wonder woman,Positive,Positive,Positive,Neutral,Positive,3,5,5,5,3,3.0,3.5999999999999996,3.5999999999999996,3.5999999999999996
too small for me despite the fact that my size is 9 however the shoe is beautiful and well crafted,Neutral,Positive,Positive,Positive,Positive,5,5,5,5,3,3.5999999999999996,3.5999999999999996,3.5999999999999996,3.5999999999999996
product is fine sizing is not consistent with other ck shirts i have bought  these t shirts run very large,Positive,Positive,Positive,Positive,Positive,5,5,5,5,1,2.2,2.2,2.2,2.2
great costume,Positive,Positive,Positive,Positive,Positive,5,5,5,5,5,5.0,5.0,5.0,5.0
on time and as ordered thanks my 1980s themed prom went great,Neutral,Positive,Positive,Positive,Positive,5,5,5,5,5,5.0,5.0,5.0,5.0
i think these are girls nylons instead of womens  im only 54 and they were about 12 inches too short,Neutral,Neutral,Neutral,Positive,Positive,5,5,3,3,1,2.2,2.2,1.6,1.6
fits exactly as expected not too small and not too big just like baby bears oat meal it was just right ,Positive,Positive,Negative,Positive,Positive,5,5,5,1,5,5.0,5.0,5.0,3.8
i didnt pick the right size it drags on the floor even after trying to wash and dry it it is comfy though,Positive,Negative,Positive,Positive,Positive,5,5,1,5,1,2.2,2.2,1.0,2.2
i live in denver and am outside all day in the summer i have yet to get burnt on my face and neck,Neutral,Neutral,Positive,Positive,Positive,5,5,3,5,5,5.0,5.0,4.4,5.0
i loved these earings  i bought them for my mom in law for christmas and i was very happy they were a great size not too large but not too small that you couldnt see the design all in all i would buy this item again the necklace that matched was also very well designed and the stones are set very well im not afraid of her losing the turqoise out of it,Positive,Positive,Positive,Positive,Positive,5,5,5,5,5,5.0,5.0,5.0,5.0
"overall each piece is just big
one of the hardest parts of the costume to get right is the boots its as if you have to glue that down in order for it to look neat",Neutral,Positive,Positive,Positive,Positive,5,5,5,5,1,2.2,2.2,2.2,2.2
"we gave this to our budding astronaut for his 5th birthday  and he was over the moon pardon the pun
he absolutely loves this helmet
the price we bought it for could not even be beat on ebay
it completed his astronaut costume perfectly and now he feels like he is on real missions
highly recommend this product be careful not to let it hit the floor too much  it seems as though it could break if handeled too roughly

perfect for both boys and girls",Negative,Positive,Positive,Negative,Negative,1,1,5,5,5,3.8,3.8,5.0,5.0
i would have given this product 5 stars as it fit nicely and looks as good as the photo however it came with a dime sized hole around one knee which ran as soon as i tried them on  what a shame i had ordered it well in advance of when i used it so i couldnt return for a new one  im not sure of the frequency of such defects but if mine was a fluke then id recommend these to others  as it is i cannot,Positive,Positive,Positive,Positive,Positive,5,5,5,5,1,2.2,2.2,2.2,2.2
these socks are nylon with lace top and theyre soft and stretchy,Positive,Positive,Positive,Positive,Positive,5,5,5,5,5,5.0,5.0,5.0,5.0
nice doesnt look like a costume but a nice era dress you will see the difference in costume wear great for the price,Positive,Positive,Positive,Positive,Positive,5,5,5,5,5,5.0,5.0,5.0,5.0
my grandson was so excited to get this  we unpacked it and read the directions  my husband checked out the mechanics and checked the button to hear the talking from space control and that worked  then he checked the button which controls the visor to go up and down  it went up but not down now its stuck  he opened the battery compartment and moved the batteries around but still nothingwe are very disappointed  we will try to get new batteries  we cant return because my 5 yr old grandson in his excitement to receive smashed the empty box up  i wouldnt recommend this item,Neutral,Negative,Negative,Neutral,Positive,3,5,1,1,1,1.6,2.2,1.0,1.0
overall happy with the costume didnt use the boot covers theyre always cheaper looking than in the pictures it bunched a little in the torso,Negative,Positive,Positive,Negative,Negative,1,1,5,5,5,3.8,3.8,5.0,5.0
nice fit,Positive,Positive,Positive,Positive,Positive,5,5,5,5,5,5.0,5.0,5.0,5.0
reviews said it runs large so i got a smaller size it fits perfectly,Positive,Positive,Positive,Positive,Positive,5,5,5,5,5,5.0,5.0,5.0,5.0
not much to it,Neutral,Neutral,Negative,Positive,Positive,5,5,3,1,5,5.0,5.0,4.4,3.8
the tshirts is nice very nice but the size was a little bit larger than i expected,Positive,Positive,Positive,Positive,Positive,5,5,5,5,3,3.5999999999999996,3.5999999999999996,3.5999999999999996,3.5999999999999996
this robe is not worth the price my husband bought it for me for christmas personally i didnt like the color which is obviously changeable but it felt cheap i assume he paid 20 for it when i found out it was 85 i immediately asked him to return it also very heavy  bulky not a fan at all and honestly disappointed on how well its rated on amazon,Positive,Positive,Negative,Positive,Positive,5,5,5,1,1,2.2,2.2,2.2,1.0
photo shows rolfs but that wasnt the brand we got  for the price and shipping not worth it  look elsewhere if you want rolfs brand,Negative,Negative,Negative,Negative,Negative,1,1,1,1,1,1.0,1.0,1.0,1.0
the neck was a little larger than expected bit shipped fast and was a nice match with my jacket great shirt,Positive,Positive,Positive,Positive,Positive,5,5,5,5,5,5.0,5.0,5.0,5.0
just what the grandchild needed for the bright sunny days,Positive,Positive,Positive,Positive,Positive,5,5,5,5,5,5.0,5.0,5.0,5.0
i bought several of these in various lengths for gift pendants and every one was a winner the silver is bright and shiny the link is sturdy but looks just right for a pendant the ring clasp seems strong and every one worked smoothly these were shipped superfast and well packaged i checked prices in my local big box store and these are better chains at a lower price even with shipping  i am definitely a happy customer,Positive,Positive,Positive,Positive,Positive,5,5,5,5,5,5.0,5.0,5.0,5.0
i order small i thought is going well but it comes like bigger than me i dont have choise to choose x small,Positive,Positive,Negative,Positive,Positive,5,5,5,1,3,3.5999999999999996,3.5999999999999996,3.5999999999999996,2.3999999999999995
very cute,Positive,Positive,Positive,Positive,Positive,5,5,5,5,3,3.5999999999999996,3.5999999999999996,3.5999999999999996,3.5999999999999996
nice pleated band to purchase if you know anything about basic methods of securing the band to any quality made hat,Positive,Positive,Positive,Positive,Positive,5,5,5,5,5,5.0,5.0,5.0,5.0
i see the bad reviews so i have to post mine this shirt is fantastic the complete equivilant of a 100 department store shirt its bright white fits and looks great i do send them to the laundry after i wear it dont be foooled by the cheap price this shirt is perfect to wear with an expensive suit,Positive,Positive,Positive,Positive,Positive,5,5,5,5,5,5.0,5.0,5.0,5.0
i ordered a size small but was sent a xlarge got run around when i went to return it buyer watch out,Positive,Neutral,Negative,Positive,Positive,5,5,3,1,1,2.2,2.2,1.6,1.0
great product however a little ,Neutral,Positive,Positive,Neutral,Positive,3,5,5,5,5,4.4,5.0,5.0,5.0
my husband likes the shoes but wishes they were american made,Positive,Positive,Neutral,Positive,Positive,5,5,5,3,5,5.0,5.0,5.0,4.4
poor quality,Positive,Negative,Negative,Positive,Positive,5,5,1,1,1,2.2,2.2,1.0,1.0
"holds everything i need
netbook notebook hoody plus a little extra room

i was looking for something in the medium range and this works well
the laptop sleeve is really a sleeve and doesnt have any padding which was good for me as i didnt want a lot of extra fluff in the bag",Positive,Positive,Positive,Positive,Positive,5,5,5,5,5,5.0,5.0,5.0,5.0
i was pleasantly surprised with the quality of the dress part of the costume i am usually a 12 and since costumes run small i was afraid this would not fit however this is roomy and comfortable cant wait until halloween ,Positive,Positive,Negative,Positive,Positive,5,5,5,1,5,5.0,5.0,5.0,3.8
keeps me cool and fits well,Positive,Positive,Positive,Positive,Positive,5,5,5,5,5,5.0,5.0,5.0,5.0
it was for my grandaughter she loved it and she looked great in it,Positive,Positive,Positive,Neutral,Positive,3,5,5,5,5,4.4,5.0,5.0,5.0
wonderful item i have purchased several of these they last forever unless you lose them  i am happy with my purchase buxton is made to last,Positive,Positive,Positive,Positive,Positive,5,5,5,5,5,5.0,5.0,5.0,5.0
looks good,Positive,Positive,Positive,Positive,Positive,5,5,5,5,5,5.0,5.0,5.0,5.0
this is a very beautiful ring set the delivery was also quick i ordered on sunday and got them on thursday i also ordered a size smaller and got a perfect fit they are beautiful and for the price you dont have to worry about ruining them people are surprised when i tell them how much i paid for them,Positive,Positive,Positive,Positive,Positive,5,5,5,5,5,5.0,5.0,5.0,5.0
fit was as expected color was as advertised and received quickly,Positive,Positive,Positive,Positive,Positive,5,5,5,5,5,5.0,5.0,5.0,5.0
this is a great product  i like the illuminating hands of the watch and the protective cover,Positive,Positive,Positive,Positive,Positive,5,5,5,5,5,5.0,5.0,5.0,5.0
fits greatonly tshirts i wear,Positive,Neutral,Neutral,Positive,Positive,5,5,3,3,5,5.0,5.0,4.4,4.4
i thought this would be the perfect camisole for me but when it came the arm holes were way too big the advertised picture does not show that to be the case i had a 700 return and restocking fee to pay very disappointed,Positive,Negative,Positive,Positive,Positive,5,5,1,5,1,2.2,2.2,1.0,2.2
got them right on time the t shirts are thick enough to be worn by itself the color is very solid went just right on the size medium im 59 175 pounds,Positive,Negative,Positive,Positive,Positive,5,5,1,5,5,5.0,5.0,3.8,5.0
bought it for my daughter and she looked fantastic,Positive,Positive,Positive,Neutral,Positive,3,5,5,5,5,4.4,5.0,5.0,5.0
my husband loves the shoes but it was too small for him he is a size 995 under crocs size so we ordered this in size 95 but it is way too narrow for him and he ended up with blisters after 1 day of wearing to work,Positive,Positive,Negative,Positive,Positive,5,5,5,1,3,3.5999999999999996,3.5999999999999996,3.5999999999999996,2.3999999999999995
great durable pair of shoes fits a bit snug but not so much that i couldnt wear them break in about 5,Positive,Positive,Positive,Positive,Positive,5,5,5,5,5,5.0,5.0,5.0,5.0
"outfit for school activity a perfect fit xsmall i like it very much suggest underpants should be included
boot cover does not  fit properly should have elastic to keep them up",Positive,Positive,Positive,Positive,Positive,5,5,5,5,5,5.0,5.0,5.0,5.0
well made and hi quality but if youre looking for a berat that fits close to your head this isnt the one floppy version that dissappointed me i kept if but only because the return shipping costs were 13 the cost of the hat itself,Positive,Positive,Neutral,Positive,Positive,5,5,5,3,3,3.5999999999999996,3.5999999999999996,3.5999999999999996,3.0
"good texture however neck size is not posted resulting little too large as to compare to the sleeve length

cuff portion on the sleeve should be more firm this one has a loose end so does not hold cuffs too well

otherwise  light fabric and stylish",Positive,Positive,Positive,Positive,Positive,5,5,5,5,3,3.5999999999999996,3.5999999999999996,3.5999999999999996,3.5999999999999996
costume is as described but boot covers do not stay up at all and i was constantly having to adjust,Negative,Neutral,Neutral,Positive,Negative,5,1,3,3,1,2.2,1.0,1.6,1.6
fabric is a little cheesy but the price is right,Positive,Neutral,Negative,Positive,Positive,5,5,3,1,3,3.5999999999999996,3.5999999999999996,3.0,2.3999999999999995
great shirt at a great price  liked the studs that are included too,Neutral,Positive,Positive,Positive,Positive,5,5,5,5,5,5.0,5.0,5.0,5.0
fits as expected not like the big shoes or small sweatpants that i had ordered,Neutral,Negative,Negative,Positive,Positive,5,5,1,1,5,5.0,5.0,3.8,3.8
after looking through so many places to buy this or something similar after reading the measurements and comparing my measurements i purchased this one it is far to big i suggest going a smaller size i am extremely disappointed with the sizing chart,Positive,Negative,Negative,Positive,Positive,5,5,1,1,1,2.2,2.2,1.0,1.0
fiance wears these greatperfect fit soft,Neutral,Positive,Positive,Positive,Positive,5,5,5,5,5,5.0,5.0,5.0,5.0
i was happy that the dress came to my house right away i had read the other reviews and was aware it runs a little small but i was not prepared to have it be two sizes too small thankfully i have enough time to get myself into the dress,Positive,Positive,Positive,Positive,Positive,5,5,5,5,3,3.5999999999999996,3.5999999999999996,3.5999999999999996,3.5999999999999996
too fittoo long,Neutral,Neutral,Negative,Negative,Negative,1,1,3,1,3,2.3999999999999995,2.3999999999999995,3.0,2.3999999999999995
fast shipping and reasonable price,Positive,Neutral,Positive,Positive,Positive,5,5,3,5,5,5.0,5.0,4.4,5.0
great customer service very informative chain actually more beautiful in person than pictured bought as a quick replacement to a tiffanys chain that had become tarnished just as beautiful,Positive,Positive,Positive,Positive,Positive,5,5,5,5,5,5.0,5.0,5.0,5.0
even though my size is  a 8d the one sent to me is a little bit too small but it is a great looking shoes  next time i will get a half size more than my size,Positive,Positive,Positive,Positive,Positive,5,5,5,5,5,5.0,5.0,5.0,5.0
this was a great costume i ordered an accessory kit from someplace else and i bought a feather boa at a halloween store plus some fishnets a blonde wig and some great twenties style shoes it was an absolute excellent costume and i won the contest this costume fits well and is made well enough that i can probably lend it to somebody else next year,Positive,Positive,Positive,Positive,Positive,5,5,5,5,5,5.0,5.0,5.0,5.0
if you have slim body and small chest i dont think this will be good on you  the top part is really loose but half way down from waist is just perfect  still you cant wear it nicely because the dress looks too big on the top part too bad i have to return it,Positive,Negative,Positive,Positive,Positive,5,5,1,5,1,2.2,2.2,1.0,2.2
loved this costume i am a size 1214 i got an xl and it fit as expected even a lil loose not skin tight its pretty well made especially for the price,Positive,Positive,Positive,Positive,Positive,5,5,5,5,5,5.0,5.0,5.0,5.0
happy to find the replacement windows for my wallet  it gave new life and use to a nice wallet that would have been useless without this item thanks amazon,Positive,Positive,Positive,Positive,Positive,5,5,5,5,5,5.0,5.0,5.0,5.0
they seem to be ok so far the fit is not bad comfort level is maybe 8 out of 10 onlyu time will tell,Positive,Positive,Positive,Positive,Positive,5,5,5,5,5,5.0,5.0,5.0,5.0
way too large for me i will have to return it for a medium im a size 14 and the large is way too big the arm cuffs are too big and the leg pieces wont even stay up and i have large thighs,Negative,Neutral,Positive,Negative,Negative,1,1,3,5,1,1.0,1.0,1.6,2.2
delivery was timely however the costume was very small in the hip area and bigger up top some of the fringes were coming apart however it wouldnt be a bad outfit for a one night party unfortunately i had to return it due to the size,Positive,Positive,Negative,Positive,Positive,5,5,5,1,1,2.2,2.2,2.2,1.0
my daughter loved being a pirate,Positive,Positive,Positive,Positive,Positive,5,5,5,5,5,5.0,5.0,5.0,5.0
perfect and feel good enough,Positive,Positive,Positive,Positive,Positive,5,5,5,5,5,5.0,5.0,5.0,5.0
"i bought these as undershirts to wear under a dress shirt and tucked into dress pants or khakis

after a couple washes these shrunk in length and now i have the annoying problem of the shirt becoming untucked or wrinkled up at my belt line

if you are looking for a casual vneck to wear untucked with jeans or whathaveyou these might do the trick  as an undershirt i will stick with the the dockers vnecks",Positive,Negative,Negative,Positive,Positive,5,5,1,1,1,2.2,2.2,1.0,1.0
these are perfect for a porcelain doll costume im putting together they add a little touch of girlish femininity to the whole thing i have pretty small feet size 55 but these fit perfectly and seem like they could stretch to accommodate most sizes its kind of a thick pantyhose material so im not sure how long theyll last but theyre great for now,Positive,Positive,Positive,Positive,Positive,5,5,5,5,5,5.0,5.0,5.0,5.0
i nave several paul fredrick shirts and i love them,Positive,Positive,Positive,Positive,Positive,5,5,5,5,5,5.0,5.0,5.0,5.0
very nice quality  purchased the product because my husband had always had a good fit with calvin klein  they washed beautifully  it is a trite complaint but it did seem odd that all 3 shirts had the imprinted name and information instead of the bothersome tag and the printing was off center and slanted downhill the only problem with that would be if it showed through his dress shirts but i doubt that will happen  really impressed with the softness and the extra length,Positive,Negative,Positive,Positive,Positive,5,5,1,5,5,5.0,5.0,3.8,5.0
exactly what i ordered comfortable fit,Positive,Positive,Positive,Positive,Positive,5,5,5,5,5,5.0,5.0,5.0,5.0
the colors are vibrant the general construction and quality were just fine for the price but the sizing is so wrong  i had read other reviews and knew to order the smallest size i could so i got the xsmall and it was still too big  i am 55 weigh 122 lbs and have a 32d cup size  normally i wear a size 3 4 or 5 but i would say that the xsmall actually fits like a 78  i can keep this strapless costume up but barely and it is way too big though the bodice  i have notified the company that sent it and they have politely responded and i am considering going down to the teen size or altering the size that i have  either way just know to order a much smaller size than you normally wear,Neutral,Negative,Positive,Positive,Positive,5,5,1,5,3,3.5999999999999996,3.5999999999999996,2.3999999999999995,3.5999999999999996
way to big wasnt very cute on me,Neutral,Negative,Positive,Positive,Positive,5,5,1,5,1,2.2,2.2,1.0,2.2
loved my dress fit perfect and looked greatit does have a bit of static not sure if it had something to with the weather but did not bother me at all,Positive,Positive,Positive,Positive,Positive,5,5,5,5,5,5.0,5.0,5.0,5.0
i bought these for the price they are good soft and comfortable when needed i will buy again very nice,Positive,Positive,Positive,Positive,Positive,5,5,5,5,5,5.0,5.0,5.0,5.0
very nice shirt but waaayyy too big sleeve lenght was good but neck and chest were way too big,Positive,Positive,Positive,Positive,Positive,5,5,5,5,5,5.0,5.0,5.0,5.0
this is a beautiful chain that my girlfriend now fiancee absolutely loves price was right  shipping was fast and seller has it down thank you and i will be a return shopper,Positive,Positive,Positive,Positive,Positive,5,5,5,5,5,5.0,5.0,5.0,5.0
this is a very attractive chain its sturdy and looks great w the cross pendant i bought for it thanks,Positive,Positive,Positive,Positive,Positive,5,5,5,5,5,5.0,5.0,5.0,5.0
its very soft and cozy many people said it runs large so i bought the xs my wife is 53 and it goes down to just above her ankles which she likes,Neutral,Positive,Positive,Positive,Positive,5,5,5,5,5,5.0,5.0,5.0,5.0
yeah the name still holds some sway even if just for these ts  fit well  wash well  all good  get them  a bit pricy though,Neutral,Positive,Positive,Positive,Positive,5,5,5,5,5,5.0,5.0,5.0,5.0
this robe is the greatest for the colder months of the year i bought it in january and it is just exactly what i wanted it fits well is warm soft comes almost to my anklesi am 5 4  i absolutely love it i live in texas so it is not for the summertime but i have always had two robes one for the summer and one like this for the winter,Positive,Positive,Positive,Positive,Positive,5,5,5,5,5,5.0,5.0,5.0,5.0
the size is two x bigger than what it should be,Positive,Neutral,Neutral,Positive,Positive,5,5,3,3,1,2.2,2.2,1.6,1.6
i ordered these for my grandsons birthday and as soon as he opened the box he was thrilled the boots fit true to size i would recommend,Positive,Positive,Positive,Positive,Positive,5,5,5,5,5,5.0,5.0,5.0,5.0
came in package looks great my boys love it goes with matching orange space suit perfectly will post pics soon sounds are only heard inside helmet can barely hear iaytside which is nice for me since other toys are loud automatic open visit feature is cool and play headset makes the look i wish buttons on front worked but its large and my kids love it,Positive,Positive,Positive,Positive,Positive,5,5,5,5,5,5.0,5.0,5.0,5.0
the material is fine but not as cute in person as pic l im already searching to,Positive,Positive,Positive,Positive,Positive,5,5,5,5,3,3.5999999999999996,3.5999999999999996,3.5999999999999996,3.5999999999999996
its good shipping was slower than they claim or itd be 4 stars,Positive,Positive,Positive,Positive,Positive,5,5,5,5,5,5.0,5.0,5.0,5.0
cute slightly opaque,Positive,Positive,Positive,Positive,Positive,5,5,5,5,5,5.0,5.0,5.0,5.0
"i enjoy wearing these shirts i did not notice a lot of shrinkage after the first wash my only disappointment is that they come wastefully packaged with a large amount of throwaway cardboard inside

on some tshirts the sleeves are long enough that they peek out from the tshirt sleeve it depends on your arm musculature and length of tshirt sleeve obviously",Positive,Negative,Positive,Positive,Positive,5,5,1,5,5,5.0,5.0,3.8,5.0
this watch box is almost too classy to be so functional  its not storage its presentation  beautiful  this was a gift for my boyfriend and instead of keeping it in the armoire where he used to put his jewelry he keeps it out  its too nice to be hidden  nothing bad to say about it,Positive,Positive,Positive,Positive,Positive,5,5,5,5,5,5.0,5.0,5.0,5.0
great buy,Positive,Positive,Positive,Positive,Positive,5,5,5,5,5,5.0,5.0,5.0,5.0
i purchased this jansport messenger bag after years of using the standard strap backpack considering the amount of wear and tear that i gave the said backpack it was in considerably good condition thus when i decided to search for its replacement i looked among the jansport brand when i saw this messenger bags style i was instantly attracted to it after receiving it i was pleased with its appearance and its functional pockets and compartments the only downside to it is that the strap isnt well cushioned making it a bit uncomfortable when carrying anything over 5 pounds overall this messenger bagtote is a great value for those interested in upgrading from a standard backpack,Positive,Positive,Positive,Positive,Positive,5,5,5,5,5,5.0,5.0,5.0,5.0
fit as expected,Positive,Positive,Positive,Positive,Positive,5,5,5,5,3,3.5999999999999996,3.5999999999999996,3.5999999999999996,3.5999999999999996
love henschel hats this is my 3rd henschel i ordered an extra large and they seem to run on the smalle side,Positive,Positive,Positive,Positive,Positive,5,5,5,5,5,5.0,5.0,5.0,5.0
after reading the interviews decided to order a size up shouldnt have it fits me all right loosely if i had ordered it small im 5 ft 115lbs it would have looked much better quality is fine,Positive,Positive,Positive,Positive,Positive,5,5,5,5,5,5.0,5.0,5.0,5.0
my eight year son loves it,Positive,Positive,Neutral,Positive,Positive,5,5,5,3,5,5.0,5.0,5.0,4.4
i got this for my dad for christmas it was to replace one that he had for years that was worn out  it was just the right size to fit everything in it except a can of shaving creme  he was very happy with it and is using in all his travels  good quality and good value i think he was concerned that it cost me too much which is always a nice feeling that you got someone a present that they think cost a lot more than it did,Positive,Positive,Positive,Positive,Positive,5,5,5,5,5,5.0,5.0,5.0,5.0
is ok fits good but quality is what you pay i guess i am not crazy about it if you are looking for a costume that makes you stand up this is not  your best choice,Positive,Negative,Positive,Positive,Positive,5,5,1,5,3,3.5999999999999996,3.5999999999999996,2.3999999999999995,3.5999999999999996
i bought these at costco years ago and loved them  costco of course no long carries them so i was very happy to see i could get some new ones on amazon they cost a little more on amazon than they did at costco but they were worth it to me,Positive,Positive,Positive,Positive,Positive,5,5,5,5,5,5.0,5.0,5.0,5.0
i purchased the robes for my mother and sister as christmas gifts  they both loved the robes  they are plush warm cozy and soft  perfect to put on and take the edge off the cold freezing winter days and when just getting out of the shower  this product comes with the highest recommendation of the gift giver and gift receivers,Negative,Positive,Positive,Positive,Positive,5,5,5,5,5,5.0,5.0,5.0,5.0
just fine decent quality just nothing to rave about jos a banks are better a bit thicker nicer wearinglast awhile,Positive,Positive,Positive,Positive,Positive,5,5,5,5,3,3.5999999999999996,3.5999999999999996,3.5999999999999996,3.5999999999999996
its just what i wanted,Positive,Neutral,Neutral,Positive,Positive,5,5,3,3,5,5.0,5.0,4.4,4.4
i dont like hats but i use it to keep the sun off my face and neck and it works great it was slightly large but i added a strip of velcro inside the sweat band and it fits perfect now,Positive,Positive,Positive,Positive,Positive,5,5,5,5,5,5.0,5.0,5.0,5.0
its so good yes i love it i will prder it again nice to wear it its comftable on time,Positive,Positive,Positive,Positive,Positive,5,5,5,5,5,5.0,5.0,5.0,5.0
comfortable fit  both stylish and useful in shading from the sun,Positive,Positive,Positive,Positive,Positive,5,5,5,5,5,5.0,5.0,5.0,5.0
this is a lovely necklace i especially like that the seller offers it in different sizes,Positive,Positive,Positive,Positive,Positive,5,5,5,5,5,5.0,5.0,5.0,5.0
exactly what you would expect from buying a pirate eyepatch and earring i was pleasantly suprised to see that the eyepatch was cloth though,Positive,Positive,Positive,Positive,Positive,5,5,5,5,5,5.0,5.0,5.0,5.0
needed a hat for outside work that would wick away the sweat and be vented  fills the bill  good and sturdy usa made hat  i have a 230 head and a large fit very snug but comfortableno room for an extra sweat band or longer hair  i would definitely by another,Positive,Positive,Positive,Positive,Positive,5,5,5,5,5,5.0,5.0,5.0,5.0
the toe is not flatlevel it angles up at the tip which makes dancing not as easy or graceful aa i was lookinghoping for the platform sandal version of this boot by the same company has a flatlevel toe  perfect for dancing and walking i hoped this boot would be the same but its not  making them work but disappointed,Neutral,Negative,Positive,Positive,Positive,5,5,1,5,3,3.5999999999999996,3.5999999999999996,2.3999999999999995,3.5999999999999996
"buyer beware
when i received this set to say that i was disappointed would be a gross understatement  i was disgusted  first of all the ring was damageddefective whatever you want to call a mess up  the center stone was improperly set and positioned within he prongs  it was crooked  and i assure you it was extremely obvious  it didnt take any close inspection to see  it was glaring  then the prongs themselves were also bent down in mismatched places on the stone one being bent straight down the side edge of the stone vs pointing relatively toward the center  this only added to the overall impression of the stone being crooked  it made the stone look as if it were misshapen and cut wrong

i get that you cant expect fake jewelry that costs 30 to be the same quality as the real deal but this  it looks like it came off the 5 carousel at walmart  and frankly i wouldnt have bought it from there for that price  it looks like crap  it looks like a gumball machine ring or something that could have come out of a little girls dress up set

now even had the prongs been set properly etc i still wouldnt have worn it  that just added insult to injury  the ring had it been in perfect shape still would have looked like something from the dollar store  it doesnt look anymore real than a peice of glass stuck in a plastic band  the silver even looks funny it looks like tin foil the reflective sheen is a dead give away

the stones dont look like diamonds at all  they dont even look like good immitations  they look like cheap junk

also the center stone is waaaaaaaaaaaaaaay to large to be believable on anybody  its about a 34 ct stone  it looks absurdly fake  so unless you think that your friends might actually be able to bring themselves to believe that you could afford a 1500000 ring then ummm yeah itll be too big

and if you can pull that off then maybe you can also convince them that you know all good metals are as shiny as tin foil too

dont get this ring  dont waste your money

btw i found a beautiful well crafted and believable ring for a little bit more  but still at a very decent price at ",Positive,Positive,Positive,Positive,Positive,5,5,5,5,1,2.2,2.2,2.2,2.2
sheds,Positive,Neutral,Neutral,Positive,Positive,5,5,3,3,3,3.5999999999999996,3.5999999999999996,3.0,3.0
the insert fits properly however the tab that holds the insert in the wallet is too small and not like the original part  this tab does not hold up very long  would recommend you to buy two or three at a time so you can change it as needed if you expect to keep your cards in your wallet safely,Negative,Positive,Positive,Negative,Negative,1,1,5,5,3,2.3999999999999995,2.3999999999999995,3.5999999999999996,3.5999999999999996
this costume is very nice and fits well i had no issues with any of it i followed the other reviewers comments in regards to the sizing and glad that i did it came right away as expected next day delivery wore it to a halloween party and surprised how i was the only wonder woman loved it,Positive,Positive,Positive,Positive,Positive,5,5,5,5,5,5.0,5.0,5.0,5.0
i bought these rings as a temporary wedding set until we have a little more money and i have to say i am very pleased i do have a few issues with them mostly the engagement ring on one side the band is straight where it connects to the center stone and the other side is more curved the center stone is a tiny bit crooked but no one will really notice unless they are seriously studying it or if i point it out other than that the rings are gorgeous much nicer than i expected them to be i have gotten so many compliments and a friend of mine didnt believe that they werent real the sizing was right on overall i am really happy with these rings and definitely would reccommend them ,Positive,Positive,Positive,Positive,Positive,5,5,5,5,5,5.0,5.0,5.0,5.0
these are retailed at 120 dollars and they are really made well this deal cant be beat,Positive,Positive,Positive,Positive,Positive,5,5,5,5,5,5.0,5.0,5.0,5.0
excelent,Positive,Neutral,Neutral,Positive,Positive,5,5,3,3,5,5.0,5.0,4.4,4.4
cant get it off of her head,Positive,Neutral,Neutral,Positive,Positive,5,5,3,3,5,5.0,5.0,4.4,4.4
does the job,Positive,Neutral,Neutral,Positive,Positive,5,5,3,3,5,5.0,5.0,4.4,4.4
enjoy the fit weight of fabric and quality,Positive,Positive,Positive,Positive,Positive,5,5,5,5,5,5.0,5.0,5.0,5.0
great dress it is definitely worth the money it felt like a high quality dress instead of a costume i will buy all of my costumes from this company from now on the size matched me perfectly,Positive,Positive,Positive,Positive,Positive,5,5,5,5,5,5.0,5.0,5.0,5.0
i bought this chain because i broke my girlfriends necklace and needed to replace the chain for the pendant this is a great looking chain strong and just as advertised will do business with this seller again was a great overall experience,Positive,Positive,Positive,Positive,Positive,5,5,5,5,5,5.0,5.0,5.0,5.0
my belt is missing from the costume,Positive,Negative,Negative,Positive,Positive,5,5,1,1,1,2.2,2.2,1.0,1.0
"this is a nice ringmy sister got it for christmas and she loves it

a target_blank hrefa",Positive,Positive,Positive,Positive,Positive,5,5,5,5,5,5.0,5.0,5.0,5.0
got me through the hot summer ballgames awesome,Positive,Positive,Positive,Positive,Positive,5,5,5,5,5,5.0,5.0,5.0,5.0
love this hat light weight provides good shade yet it allows air flow exactly what i was looking for,Positive,Positive,Positive,Positive,Positive,5,5,5,5,5,5.0,5.0,5.0,5.0
i would buy this shirt againand i might,Positive,Neutral,Neutral,Positive,Positive,5,5,3,3,5,5.0,5.0,4.4,4.4
"upon opening this ring i thought wow this is beautiful and then i took it out of its cute little box and my heart sank it was lighter than air and felt like it was made out of plastic i wore it for the day took it off that night and realized that it was scratched where the stone on the engagement ring meets the wedding band

i am sadly disappointed in this purchase it was cheap and now i know why i was unsure of whether or not i actually wanted a fancy diamond wedding set and this answered my question at a very inexpensive price i now know that the traditional wedding set is not for me im glad i purchased this ring first before i purchased something far more expensive

at a glance the ring is beautiful if you dont mind feeling like you are wearing a plastic ring then go for it i for one need something a little more substantial and will be purchasing a robert lee morris ring for my wedding ring",Positive,Positive,Positive,Positive,Positive,5,5,5,5,1,2.2,2.2,2.2,2.2
told that they were great,Positive,Positive,Positive,Positive,Positive,5,5,5,5,5,5.0,5.0,5.0,5.0
horrible fit and garbage quality i barely got them out of the package and they ran i put them on and they are tight in the legs and the crotch is about two inches too low  i am 52 120 lbs what chance these would fit someone bigger i am so upset i am on my way to a party with no way to replace these first do not buy these unless you want to look lik crap,Neutral,Negative,Negative,Positive,Positive,5,5,1,1,1,2.2,2.2,1.0,1.0
i am very pleased it was everything i wanted in a flapper dress thanks,Negative,Positive,Positive,Neutral,Neutral,3,3,5,5,5,4.4,4.4,5.0,5.0
they are a bit looser than i had expected but bose i washed them once they fit better,Positive,Positive,Positive,Positive,Positive,5,5,5,5,3,3.5999999999999996,3.5999999999999996,3.5999999999999996,3.5999999999999996
this bathrobe is exactly what i wanted in terms of fit and comfort  on cold nights in the pacific northwest this robe is oh so warm and goes all the way to my ankles  the reason i gave it a 4 instead of a 5 is because of the dye job  the color does not look like the burgundy in the picture at all but rather like some faded pastel version of it  but i bought it for warmth not appearance so i will keep it,Positive,Positive,Positive,Positive,Positive,5,5,5,5,5,5.0,5.0,5.0,5.0
beautiful link chain purchased as a gift for a cross pendant great quality and wonderful service from seller,Positive,Positive,Positive,Positive,Positive,5,5,5,5,5,5.0,5.0,5.0,5.0
i wanted a 1920s theme bachelorette party and i searched for flapper dresses for a while and i decided on this one i am so pleased with the dress i was worried because a lot of the flapper dresses i looked at everyone said fit too small i decided to go with one size up i am usually a large and i am 5 7 i ordered the xl and it fit me perfectly it was the perfect length and it didnt restrict me at all some pieces of the fringe fell off here and there but that is to be expected we went to all kinds of different places to dance and by the end of the night the dress still held up very well i would highly recommend this dress and for the price it perfect,Positive,Positive,Positive,Positive,Positive,5,5,5,5,5,5.0,5.0,5.0,5.0
since it was gem avenue i knew i couldnt go wrong  i have many pendants and this one will show them off  the links and clasp are great for me  the chain itself is beautiful  i have another one for either a gift to give or to wear alone,Positive,Positive,Positive,Positive,Positive,5,5,5,5,5,5.0,5.0,5.0,5.0
my wife is about  5 feet tall the small was too big and did not want to risk the extra small as another reviewer said the shoulder seams are wide perhaps they lean to mens proportions otherwise the robe was fine,Positive,Positive,Negative,Negative,Negative,1,1,5,1,3,2.3999999999999995,2.3999999999999995,3.5999999999999996,2.3999999999999995
the volume is too low and it fits way too big on a five year old,Negative,Negative,Positive,Positive,Positive,5,5,1,5,1,2.2,2.2,1.0,2.2
there is a information problem in general for the size of this insert  i had to cut it in half to make it work  now i have two the inserts are getting a little beat up already  the fix would be for me to get the wallet that these inserts were made for  otherwise the product was shipped promptly,Positive,Negative,Negative,Positive,Positive,5,5,1,1,3,3.5999999999999996,3.5999999999999996,2.3999999999999995,2.3999999999999995
"these 100 cotton vneck tshirts are cool and comfortable

they are a good roomy fit",Positive,Positive,Positive,Positive,Positive,5,5,5,5,5,5.0,5.0,5.0,5.0
performs as expected,Positive,Neutral,Negative,Positive,Positive,5,5,3,1,5,5.0,5.0,4.4,3.8
decent quality  i have to do 18 more words for a pirate patch and earring  i can confirm that it did not make me want to rape or pillage and as far as i can tell these are not magic,Positive,Negative,Positive,Positive,Positive,5,5,1,5,5,5.0,5.0,3.8,5.0
it was exactly as described  beautiful ring perfect fit classy finish  i know i would have probably paid double the price or more had i attempted to purchase similar from a jewelry store,Positive,Positive,Positive,Positive,Positive,5,5,5,5,5,5.0,5.0,5.0,5.0
i bought this item to give as a gift to my sister for christmas  i had purchased a very unusual pendant but couldnt find the perfect chain until i found this one  the quality of the chain is very good the length was perfect and when i put the pieces together they looked like they were custom made  my sister was thrilled  thanks for such a great product with prompt and courteous service attached,Positive,Positive,Positive,Positive,Positive,5,5,5,5,5,5.0,5.0,5.0,5.0
i have purchased various types of bostonian shoes through amazon for many years  i recognize these are leather shoes and take a while to break in  i always have them shipped to my office so i can wear them around in moderation for a few days until they become comfortable enough for full time wear  this particular pair seems to be as tight from the outset and slowest in loosening up as any that i ever recall purchasing,Negative,Positive,Positive,Positive,Positive,5,5,5,5,3,3.5999999999999996,3.5999999999999996,3.5999999999999996,3.5999999999999996
i was pleased with the quality of the chain however based on the picture i thought it would be slightly thicker all in all a very good buy,Positive,Positive,Positive,Positive,Positive,5,5,5,5,5,5.0,5.0,5.0,5.0
i havent honestly gave it as a gift yet but it seems to be a great item i bought it for my wife for christmas i am hoping that it all goes well,Positive,Positive,Positive,Positive,Positive,5,5,5,5,5,5.0,5.0,5.0,5.0
just okay for us  the kids love it but this thing is huge  i bought it to wear for halloween and its really not good for thatfine around the house for dress up  pretend but my 6yo wouldnt be able to walk around outside with this on for any length of time  he ended up wearing the baseball cap that came with the astronaut suit,Positive,Positive,Positive,Positive,Positive,5,5,5,5,3,3.5999999999999996,3.5999999999999996,3.5999999999999996,3.5999999999999996
what i ordered was a direct replacement for what came with the wallet  with room for 24 credit cards  what i received was inserts which only had half that capacity,Negative,Positive,Negative,Negative,Negative,1,1,5,1,1,1.0,1.0,2.2,1.0
great undershirt to consider making part of your wardrobe that doesnt fade too quickly too yellow that is and does not cost you an arm and leg for something thats considered a basicnecessity in a civilized world,Positive,Positive,Positive,Positive,Positive,5,5,5,5,5,5.0,5.0,5.0,5.0
great grreat great i like it,Positive,Positive,Positive,Positive,Positive,5,5,5,5,5,5.0,5.0,5.0,5.0
supper my child enormously enjoys it,Positive,Positive,Neutral,Positive,Positive,5,5,5,3,5,5.0,5.0,5.0,4.4
very nice shirt  fits exactly as expected  does the trick for the occasion,Positive,Positive,Positive,Positive,Positive,5,5,5,5,5,5.0,5.0,5.0,5.0
i loved this it fit perfectly,Neutral,Positive,Positive,Positive,Positive,5,5,5,5,5,5.0,5.0,5.0,5.0
i loved the outfit but top was way too big  i am going to see if there is a way i can have taken in,Neutral,Positive,Positive,Positive,Negative,5,1,5,5,3,3.5999999999999996,2.3999999999999995,3.5999999999999996,3.5999999999999996
this should have been super cute but the leg covers were ripped and the color is fading off the skirt already,Negative,Positive,Positive,Negative,Negative,1,1,5,5,3,2.3999999999999995,2.3999999999999995,3.5999999999999996,3.5999999999999996
perfect hat  it stays on well with or without tying and has nice coverage from the sun,Positive,Positive,Positive,Positive,Positive,5,5,5,5,5,5.0,5.0,5.0,5.0
love the shirt  my husband loves it so much  he loves the neck and the material bar for the tie  fits great  i recommend this product  your husband will love it  quality great,Positive,Positive,Positive,Positive,Positive,5,5,5,5,5,5.0,5.0,5.0,5.0
perfect,Positive,Positive,Positive,Positive,Positive,5,5,5,5,5,5.0,5.0,5.0,5.0
handsome carrier for shaving accessories andor toiletries appears well made,Positive,Positive,Positive,Positive,Positive,5,5,5,5,5,5.0,5.0,5.0,5.0
i normally wear a large this shirt in a large is what the industry would call xl or xxl buy accordingly,Positive,Neutral,Positive,Positive,Positive,5,5,3,5,3,3.5999999999999996,3.5999999999999996,3.0,3.5999999999999996
i received these yesterday and immediately put them in my boots  they work perfectly  a little trouble getting them in because you have to squeeze to put them in  but for the boots with zippers i unzipped them put the trees all the way down and then held the boot together and zipped  perfect  now my leather boots wont get creased,Positive,Positive,Positive,Positive,Positive,5,5,5,5,5,5.0,5.0,5.0,5.0
like most hats the crown of my hat tapers slightly when i put the band on it had a big gap along the top edge probably would be great for a stovepipe hat,Positive,Positive,Positive,Positive,Positive,5,5,5,5,1,2.2,2.2,2.2,2.2
love it,Positive,Positive,Positive,Positive,Positive,5,5,5,5,5,5.0,5.0,5.0,5.0
i have several vitrail items from gem avenue and each piece is so unique they have a way of picking up the light and colors i always get compliments when i wear them gem avenue is great,Positive,Positive,Positive,Positive,Positive,5,5,5,5,5,5.0,5.0,5.0,5.0
i have purchased 2 of these and they are very durable,Positive,Neutral,Positive,Positive,Positive,5,5,3,5,5,5.0,5.0,4.4,5.0
"loved being wonder women for halloween i work at a elementary school so super hero costumes can be used often esp the cape the whole costume was of good quality and the cape didnt hurt your neck as it velcroed behind your neck and had padding in the front the leg pieces would sometimes fall down but i just pinned them to socks i was wearing underneath
overall i loved it and would consider buying another costume from this seller",Negative,Positive,Positive,Positive,Positive,5,5,5,5,5,5.0,5.0,5.0,5.0
other than being a tad large exactly what i was look for  yes id recommend,Positive,Positive,Positive,Positive,Positive,5,5,5,5,5,5.0,5.0,5.0,5.0
"i bought this for my daughter last christmas and she absolutely loves it she said it is the best robe she has ever had so soft and comfortable she loves cuddling in it and drinking her cup of hot tea

 it fits her great i am so happy i bought this for her thinking of getting one my self

 it keeps her warm on cold winter nights",Positive,Positive,Positive,Positive,Positive,5,5,5,5,5,5.0,5.0,5.0,5.0
great style with quality fabric and nice fit,Positive,Positive,Positive,Positive,Positive,5,5,5,5,5,5.0,5.0,5.0,5.0
i received this robe for christmas loved it and ordered one for my husband fits well and washes well,Positive,Positive,Positive,Positive,Positive,5,5,5,5,5,5.0,5.0,5.0,5.0
6mo fits my 3mo perfectly his head is in 97th percentile tho nice cotton that washes easily i liked it too because its a,Positive,Positive,Positive,Positive,Positive,5,5,5,5,5,5.0,5.0,5.0,5.0
i bought this for my 13 years old daughter small size i planned a little bit trim but no need,Negative,Negative,Negative,Negative,Negative,1,1,1,1,5,3.8,3.8,3.8,3.8
chinchey,Positive,Neutral,Neutral,Positive,Positive,5,5,3,3,1,2.2,2.2,1.6,1.6
love the concept would be better if the visor were able to be opened and closed manually although the product label warns that manual manipulation will damage the mechanism,Negative,Positive,Positive,Positive,Positive,5,5,5,5,5,5.0,5.0,5.0,5.0
perfect,Positive,Positive,Positive,Positive,Positive,5,5,5,5,5,5.0,5.0,5.0,5.0
i loved this bag while i could use it  its incredibly lightweight and has so many pockets etc  with normal everyday use to and from the office for less than a month it ripped across the back  im so bummed that i have to return it now because up until this point it was the best bag ,Positive,Positive,Positive,Positive,Positive,5,5,5,5,3,3.5999999999999996,3.5999999999999996,3.5999999999999996,3.5999999999999996
looked and fit amazing,Neutral,Positive,Positive,Positive,Positive,5,5,5,5,5,5.0,5.0,5.0,5.0
"i absolutely love this ring it is so delicate and pretty ive worn this ring daily since i got it and its in great shape the little boxes the rings from this seller are sent in are precious

definitely a great value",Neutral,Positive,Positive,Positive,Positive,5,5,5,5,5,5.0,5.0,5.0,5.0
excellent,Positive,Positive,Positive,Positive,Positive,5,5,5,5,5,5.0,5.0,5.0,5.0
"the body of the shirt was somewhat too wide
ill probably find a friend to pass it on to  not sure how to return it",Negative,Negative,Negative,Negative,Positive,1,5,1,1,1,1.0,2.2,1.0,1.0
the mens vcreeper 509 is a surprisingly comfortable shoe i owned 2 pair back in my punkgoth youth yes the 80s and as much as i loved them back then they were never that comfortable the quality of the shoe its self im finding to be top notch as well so if youre a youngster or an old geezer like medo yourself a favor and getchya some of these creepers,Positive,Positive,Positive,Positive,Positive,5,5,5,5,5,5.0,5.0,5.0,5.0
as expected,Neutral,Neutral,Negative,Negative,Positive,1,5,3,1,5,3.8,5.0,4.4,3.8
exactly what we needed to replace another band that came with the hat,Neutral,Neutral,Positive,Positive,Positive,5,5,3,5,5,5.0,5.0,4.4,5.0
boot shapers are easy to use and keep my boots upright  this helps to keep the closet neat but also protects leather boots from creasing when they flop over,Positive,Positive,Positive,Positive,Positive,5,5,5,5,5,5.0,5.0,5.0,5.0
this robe is soft long and warm even for winter in maine  this is definitely a comfort purchase rather than a fashion statement  i love it,Negative,Positive,Positive,Negative,Negative,1,1,5,5,5,3.8,3.8,5.0,5.0
i purchased this for my husband who is in construction and needs protection from the sun it is a great looking hat however even the xl is too small for my husband,Positive,Positive,Positive,Positive,Positive,5,5,5,5,5,5.0,5.0,5.0,5.0
i got this robe as a gift  its very comfy especially on cold winter days  nice color too  you cant always find dark colors and im not much for pastels,Positive,Positive,Negative,Positive,Positive,5,5,5,1,5,5.0,5.0,5.0,3.8
as shown it looks great in pictures and there really is no alternative if you want a reallooking astronaut outfit  but it is just a painted plastic shell with 2 buttons  my daughter accidentally pushed the visor back and broke the button now it wont stay down  theres a note about that but hard to explain to a 5yr old that its a one and done rule  again it will look great in pictures but its an expensive piece of plastic,Positive,Positive,Positive,Positive,Positive,5,5,5,5,1,2.2,2.2,2.2,2.2
great added feature,Positive,Positive,Positive,Positive,Positive,5,5,5,5,5,5.0,5.0,5.0,5.0
these leather suspenders i highly recomend they are simple and compfortable easy to adjust look great,Positive,Positive,Positive,Positive,Positive,5,5,5,5,5,5.0,5.0,5.0,5.0
"after a different size it really worked out
thank you amazon",Neutral,Positive,Positive,Positive,Positive,5,5,5,5,5,5.0,5.0,5.0,5.0
great shoe but rubbed my ankle enough to make them uncomfortablea heel cushion solved that problem though,Neutral,Positive,Positive,Neutral,Positive,3,5,5,5,5,4.4,5.0,5.0,5.0
its a costume with costume quality  it served its purpose for a great gatsby themed party,Positive,Positive,Positive,Positive,Positive,5,5,5,5,5,5.0,5.0,5.0,5.0
doesnt look cheaply made fits perfectly highly recommended ,Positive,Positive,Positive,Positive,Positive,5,5,5,5,5,5.0,5.0,5.0,5.0
the flapper costume is goodit fits a bit large but looks good anyways,Positive,Positive,Positive,Positive,Positive,5,5,5,5,5,5.0,5.0,5.0,5.0
all leather,Positive,Neutral,Neutral,Positive,Positive,5,5,3,3,5,5.0,5.0,4.4,4.4
this is a great costume  nicely made  fringe isnt too thin and goes all round the dress fabric is not stretchy i buy a size 810 dress but otdered xl the l was tight bra friendly neckline that isnt too low and it scoops in the back overall a great costume  ordering this dress for a ladies dance group,Positive,Positive,Positive,Positive,Positive,5,5,5,5,5,5.0,5.0,5.0,5.0
lasts long and stays dark for many washes,Positive,Neutral,Positive,Positive,Positive,5,5,3,5,3,3.5999999999999996,3.5999999999999996,3.0,3.5999999999999996
calvin klein products always deliver  the ts fit perfect  ive bought many ck products and they all fit and work perfectly,Positive,Positive,Positive,Neutral,Positive,3,5,5,5,5,4.4,5.0,5.0,5.0
it is to big on the top this is the third one i have order the large was to small on the bottom  fit on the top,Positive,Positive,Positive,Positive,Positive,5,5,5,5,1,2.2,2.2,2.2,2.2
for the price theyre the best wingtip oxfords ive ever owned and ive owned probably 3 dozen pair in my lifetime,Positive,Positive,Positive,Positive,Positive,5,5,5,5,5,5.0,5.0,5.0,5.0
really like hat very comfortable,Positive,Positive,Positive,Positive,Positive,5,5,5,5,5,5.0,5.0,5.0,5.0
very good insert  fits my wallet perfect and the credit card slots are nice and firm,Neutral,Positive,Positive,Positive,Positive,5,5,5,5,5,5.0,5.0,5.0,5.0
very nice and fit perfectly,Positive,Positive,Positive,Positive,Positive,5,5,5,5,5,5.0,5.0,5.0,5.0
great fit bit tight recommend getting one size bigger that  normal i did good quality fabric looks very nice ,Positive,Positive,Positive,Neutral,Positive,3,5,5,5,5,4.4,5.0,5.0,5.0
when i got this robe as a birthday present my first thought was well this is ugly  my husband reassured me that it had terrific reviews and was super warm  he was right  dont tell him i said so  i am the one that is either constantly turning up the thermostat or dragging a personal heater around the house or am wrapped up in a blanket  well no more  this is a wonderful comfortable and warm robe,Neutral,Positive,Positive,Positive,Positive,5,5,5,5,5,5.0,5.0,5.0,5.0
i wore this shoe for 20 years the quality has gone way down while your feet hurt it takes  2 weeks to break in the shoe leather cracks quickly dont last a year bought allen edmonds at three times the price and couldnt be happier my advice buy allen edmonds your feet will thank you and in the long run they will cost less,Positive,Negative,Negative,Positive,Positive,5,5,1,1,1,2.2,2.2,1.0,1.0
this chain was inexpensive great for my use fast delivery and excellent customer service i cant wait to order again,Positive,Positive,Positive,Positive,Positive,5,5,5,5,5,5.0,5.0,5.0,5.0
none,Positive,Neutral,Neutral,Positive,Positive,5,5,3,3,1,2.2,2.2,1.6,1.6
very cute,Positive,Positive,Positive,Positive,Positive,5,5,5,5,5,5.0,5.0,5.0,5.0
this ring looks real and expensive what can i say its 35 bucks and not 3500 im sure my sontobe fake wife will love it,Positive,Positive,Positive,Positive,Positive,5,5,5,5,5,5.0,5.0,5.0,5.0
it was to big because stretched a lot and size medium and the material didnt like it i didnt wear it for halloween felling disappointed,Negative,Negative,Negative,Neutral,Neutral,3,3,1,1,1,1.6,1.6,1.0,1.0
fits and looks good,Neutral,Positive,Positive,Neutral,Neutral,3,3,5,5,5,4.4,4.4,5.0,5.0
as expected,Positive,Neutral,Negative,Positive,Positive,5,5,3,1,5,5.0,5.0,4.4,3.8
this dress was not of good quality  as i walked across the room i looked like i was shedding fringes  also the cloth used to make the dress was cheap,Positive,Positive,Positive,Positive,Positive,5,5,5,5,1,2.2,2.2,2.2,2.2
it did the job for a halloween party i am not use to having it sooooo short but shorts pants was not an option,Positive,Positive,Neutral,Positive,Positive,5,5,5,3,5,5.0,5.0,5.0,4.4
this ring is beautiful  i am very happy with it  i had no difficulty adjusting iti just squeezed it a little bit and it first perfectly  i wear it on my index finger it is very comfortable,Positive,Positive,Positive,Positive,Positive,5,5,5,5,5,5.0,5.0,5.0,5.0
my babies are big for their age i have a 3 month old who wear 69month clothes and her head is on the large size plus i wanted it to fit through the summer so i ordered the 12 month size and its a little big but thats okay whats more important than fit is color i ordered the lime not looking at the name but the picture looks like a light cute yellow but when it came it was obviously green which wasnt what i expected but it was still cute so i kept it but just be warned that the picture doesnt give a very accurate portrayal of the color otherwise i like how soft it is and how long the strings are to tie it,Positive,Positive,Positive,Positive,Positive,5,5,5,5,3,3.5999999999999996,3.5999999999999996,3.5999999999999996,3.5999999999999996
fun to wear and comfortable  real flappers would want this dress and it makes for a real costume,Positive,Positive,Positive,Positive,Positive,5,5,5,5,5,5.0,5.0,5.0,5.0
im normally between a medium to a large and i read that they run a little large for a slim fit which is true so i ordered a medium and when they arrived a day earlier then expected i tried them on and the were a little loose but they werent ridiculous im happy with them though,Positive,Negative,Positive,Positive,Positive,5,5,1,5,5,5.0,5.0,3.8,5.0
i am 62 180 lbs i bought the mediums they fit like xxl returned and bought ralph lauren v neck and they fit perfect,Positive,Positive,Positive,Positive,Positive,5,5,5,5,1,2.2,2.2,2.2,2.2
i purchased this helmet for my 8 year old grandson for his birthday and he really liked it  the quality seems to be quite good  i would recommend this item,Positive,Positive,Positive,Positive,Positive,5,5,5,5,5,5.0,5.0,5.0,5.0
first of all this is an excellent costume for the price  i was mostly sold on the fact that it came with the boot toppers the other one i was considering did not however im not a fan of the velvety texture of the top part and the top part is actually somewhat large on me however the skirt is a little too short for my 59 height thats a common costume problem i have though i will still be wearing it though because its a decent costume just those minor issues,Positive,Positive,Positive,Positive,Positive,5,5,5,5,3,3.5999999999999996,3.5999999999999996,3.5999999999999996,3.5999999999999996
got this for my hubbys halloween costume and it worked nicely  costume quality but good costume quality  over all good purchase,Neutral,Positive,Positive,Positive,Positive,5,5,5,5,5,5.0,5.0,5.0,5.0
had shorten  one inch from hat band looking good,Negative,Positive,Positive,Negative,Negative,1,1,5,5,5,3.8,3.8,5.0,5.0
great fit,Positive,Positive,Positive,Positive,Positive,5,5,5,5,5,5.0,5.0,5.0,5.0
my 5 yr old loves it although big he loves it but i fear he is going to drop it and it may crack ours does not make any sound at all i would have bought a less expensive one but they didnt have his size and he didnt want the cloth one i would have returned it but my son loves it,Positive,Positive,Negative,Positive,Positive,5,5,5,1,5,5.0,5.0,5.0,3.8
as described,Negative,Neutral,Neutral,Negative,Negative,1,1,3,3,5,3.8,3.8,4.4,4.4
love these,Positive,Positive,Positive,Positive,Positive,5,5,5,5,5,5.0,5.0,5.0,5.0
i wore this for a home event recently and everyone said that i looked sharp in my tuxedo,Positive,Neutral,Negative,Positive,Positive,5,5,3,1,5,5.0,5.0,4.4,3.8
i bought this necklace for my boyfriend he thought i had spent alot of money on this chain this chain is very well made and for the price you cant be it it went well with the pendant i bought for him and its a great deal,Positive,Positive,Positive,Positive,Positive,5,5,5,5,5,5.0,5.0,5.0,5.0
neck was too big,Positive,Neutral,Neutral,Positive,Positive,5,5,3,3,3,3.5999999999999996,3.5999999999999996,3.0,3.0
the only piece of the costume that wasnt quite as expected was the belt piece its a foam piece with gold paint on one side and it is not attached as it seems to be in the picture therefore it moves around as its worn going either above or below the seam between the skirt and the top i wish this had been a sewn on part of the ensemble otherwise this costume looks great,Positive,Positive,Positive,Positive,Positive,5,5,5,5,5,5.0,5.0,5.0,5.0
a,Neutral,Neutral,Neutral,Positive,Positive,5,5,3,3,5,5.0,5.0,4.4,4.4
great hat for the money i do agree with other reviewers that it does run small i ordered 12month my daughter is 10 months and it fit perfectly but likely wont work for us all summer,Positive,Positive,Positive,Positive,Positive,5,5,5,5,5,5.0,5.0,5.0,5.0
i wore this dress for a great gatsbythemed party and it did its job  the size large was a good fit for my size 8 body  the dress says the large fits 1012 but it fit me pretty well  i couldnt have imagined the medium fitting me correctly  the quality is okay for what youre paying  the headband kinda sucked but i found something else to go with it,Positive,Positive,Positive,Positive,Positive,5,5,5,5,5,5.0,5.0,5.0,5.0
bought this to wear to a superhero themed party because of the reviews i bought a size extra small even though i would normally have ordered a small i am glad i did it fit perfectly so i would suggest ordering a size smaller than normal i couldnt be happier with this outfit,Positive,Positive,Positive,Positive,Positive,5,5,5,5,5,5.0,5.0,5.0,5.0
nice hat the strap is rather short but other than that i find it to be comfortable to wear  it arrived double boxed the inside box was a little small for the hat but it popped back into shape alright just in time for summer,Positive,Positive,Positive,Positive,Positive,5,5,5,5,5,5.0,5.0,5.0,5.0
love it but it tore up shortly after i got it i ordered two and they both tore at the part that connects to the metal great seller though very prompt,Neutral,Positive,Positive,Positive,Positive,5,5,5,5,3,3.5999999999999996,3.5999999999999996,3.5999999999999996,3.5999999999999996
really cute dress sexy but not slutty made for a super cute flapper costume would buy again,Positive,Positive,Positive,Positive,Positive,5,5,5,5,5,5.0,5.0,5.0,5.0
cut small and narrow across the front of the shoe,Positive,Negative,Negative,Positive,Positive,5,5,1,1,1,2.2,2.2,1.0,1.0
a decent costume but it runs quite large i am an 8 and the medium was huge on me  take note of the large chested model  if you dont have something similar going on go smaller  in fact women with smaller chests should probably just skip this one,Positive,Positive,Positive,Positive,Positive,5,5,5,5,3,3.5999999999999996,3.5999999999999996,3.5999999999999996,3.5999999999999996
ive been wearing this brand of tuxedo shirt for a number of years and it is a wellmade piece of clothing  my only comment that id like to make is that in order to receive the neck in the proper size i have to order an xl  for which the rest of the shirt is not fitted at all and is quite large  to remedy this it means a trip to the tailor to have a couple of darts placed in the back,Positive,Positive,Positive,Positive,Positive,5,5,5,5,5,5.0,5.0,5.0,5.0
the costume was ok i ordered a medium but fits like a large i had to fix some of the strings because it wasnt pulled out correctly overall an ok product,Positive,Positive,Positive,Positive,Positive,5,5,5,5,5,5.0,5.0,5.0,5.0
the 6 yr old loved it and it fit,Positive,Positive,Positive,Positive,Positive,5,5,5,5,5,5.0,5.0,5.0,5.0
i bought this dress for a roaring 20s event and it is very cute and flattering  it is short though so be prepared to wear a slip and pantyhose underneath  i found that the sizing was pretty accurate  i wear a size 6 pant and a size 8 dress and i originally bought the large but it hung like a rag on me  i returned it for the medium size and it fit perfectly if not a little loose  around the middle  definitely a good purchase for me,Positive,Positive,Positive,Positive,Positive,5,5,5,5,5,5.0,5.0,5.0,5.0
very cute dress arrived really quick,Neutral,Positive,Positive,Positive,Positive,5,5,5,5,5,5.0,5.0,5.0,5.0
made well but will only hold a small pack of ciggs i dont smoke i use  this as a tip holder for work i bought a different one last year but it is falling apart so i replaced it with this brand  the zipper compartment wont hold anything its to small,Positive,Negative,Negative,Negative,Negative,1,1,1,1,5,3.8,3.8,3.8,3.8
my daughter is 13 months old but is the size of an 18month old and the 24month fits her with room to grow her head size was 185 inches at her one year appt  she hates the strings and wont let me tie them around her face so i just tied and tucked them behind her head  otherwise it is perfect,Negative,Positive,Positive,Positive,Positive,5,5,5,5,5,5.0,5.0,5.0,5.0
the material quality was good and the style was nice however the hat was out of shape when i opened the box it was also a little tight checking their return policy i found that i would have to pay for the return shipping fee which was almost half the price of the hat itself i decided to keep it as a working hat when i do my yard work few days later i received an email from their customer service asking me about how pleased i was with their product i told them i wasnt pleased with the condition of the hat but decided not to return due to high return shipping fee to my surprise they sent me next day a prepaid ups label with which i returned the hat requesting for an exchange yesterday i received the exchange this time they packed the hat snuggly inside a box which was packed inside another larger box with packing paper although it took long time to receive the exchange their customer service is superb i will buy products from them again in the future,Positive,Positive,Positive,Positive,Positive,5,5,5,5,5,5.0,5.0,5.0,5.0
what more could you ask great price large readable face stylish second hand easy to set get one and start a retro trend in your area,Positive,Positive,Positive,Positive,Positive,5,5,5,5,5,5.0,5.0,5.0,5.0
lovely accessory for my 9 year old  fits perfect and matches her outfit just right   thank you ,Positive,Positive,Positive,Positive,Positive,5,5,5,5,5,5.0,5.0,5.0,5.0
so cute i purchased them to wear at a 1980s party the feel great and fits perfectly cant wait for the party to show them off,Positive,Positive,Positive,Positive,Positive,5,5,5,5,5,5.0,5.0,5.0,5.0
i ordered xs and i am 118lb and 5 tall but it was a little tight on my waist but very happy for a costume quality,Positive,Positive,Positive,Positive,Positive,5,5,5,5,5,5.0,5.0,5.0,5.0
the foam inside the costume cape and head band was a little itchy and uncomfortable but it was really cute,Positive,Positive,Negative,Positive,Positive,5,5,5,1,5,5.0,5.0,5.0,3.8
the costume came without the feather the dress and the headband are fine,Positive,Positive,Positive,Positive,Positive,5,5,5,5,3,3.5999999999999996,3.5999999999999996,3.5999999999999996,3.5999999999999996
its great i cant wait to wear it for halloween,Negative,Positive,Positive,Negative,Negative,1,1,5,5,5,3.8,3.8,5.0,5.0
i recently ordered this costume and deliberately ordered a size larger just in case when i received this item i couldnt even begin to put my arms through i believe the size i received was for a child not an adult,Positive,Neutral,Positive,Positive,Positive,5,5,3,5,1,2.2,2.2,1.6,2.2
great shoes bostonian does it again,Positive,Positive,Positive,Positive,Positive,5,5,5,5,5,5.0,5.0,5.0,5.0
fits larger then expected,Positive,Neutral,Negative,Positive,Positive,5,5,3,1,3,3.5999999999999996,3.5999999999999996,3.0,2.3999999999999995
the costume looks good but is missing several items that where supposed to be included boot tops tiara bracelets and belt,Negative,Positive,Positive,Negative,Negative,1,1,5,5,1,1.0,1.0,2.2,2.2
item is not hot pink as pictured it is pale pink unhappy customer   they need to be more accurate with pictured photo,Positive,Negative,Negative,Positive,Positive,5,5,1,1,1,2.2,2.2,1.0,1.0
im 57 and these ran too short not one size fits all,Negative,Neutral,Neutral,Neutral,Positive,3,5,3,3,1,1.6,2.2,1.6,1.6
yes they do look sort of costumey but i still think theyre cute and they can work with the right outfit the lace isnt quite perfect but its not very noticeable,Positive,Positive,Positive,Positive,Positive,5,5,5,5,5,5.0,5.0,5.0,5.0
i ordered these rings in size 5 and they were just right i love them they look very pretty and after 1 month of wearing  even when i do the dishes  they havent been tarnished a bit will buy again from gem ave,Positive,Positive,Positive,Positive,Positive,5,5,5,5,5,5.0,5.0,5.0,5.0
"excellent shirt
 made to exacting detail fits perfectly",Positive,Positive,Positive,Positive,Positive,5,5,5,5,5,5.0,5.0,5.0,5.0
i needed this shirt for work on a fine dining dinner boat it was exactly what i needed and has served me well for almost a year now i find the material to be of good quality but almost 12 the price of mens warehouse,Positive,Positive,Positive,Positive,Positive,5,5,5,5,5,5.0,5.0,5.0,5.0
"i think you can buy this or very similar hats in a lot of places but i trusted the reviews on this henschel and am not disappointed  it is nice and lightweight yet durable  and it fits perfectly shading the sun while reducing sweating  and of course it can be folded up and retain its shape  my only regret is that its not quite as stylin as my australian barmah hat think crocidile dundee

while i was looking at a similar brand in a store a 20something woman asked the clerk for an outdoor hat for her husband  the clerk recommended these hats to which she said those  they look like chinese rice farmer hats  so i guess stylin is a relative thing eh  ",Positive,Positive,Positive,Positive,Positive,5,5,5,5,5,5.0,5.0,5.0,5.0
the eye patch and earring were exactly as i expected and worked fine  i probably wouldnt use an eye patch againit really messed up my depth perception and gave me a headache this is not the eye patchs fault,Positive,Negative,Positive,Positive,Positive,5,5,1,5,5,5.0,5.0,3.8,5.0
loved to booties purchased for our new baby due next month the size 2 that i got will probably have to be for next year i will have to buy the size 1 for when baby arrives,Positive,Positive,Positive,Positive,Positive,5,5,5,5,5,5.0,5.0,5.0,5.0
this hat was incredibly great i dont write reviews very often and this hat deserved one i puchase items off the stars and reviews of others so i thought is was important to share too we looked for a long time for a decent hat for my daughters pirate costume and the qualitylookfitand durability could not have been better if your up close you can tell its not real leatherbut from a little distance you dont even notice thatgreat job guys,Positive,Positive,Positive,Positive,Positive,5,5,5,5,5,5.0,5.0,5.0,5.0
the helmet is a bit big for my 6 yr old but it is really nice and looks awesome,Positive,Positive,Positive,Positive,Positive,5,5,5,5,5,5.0,5.0,5.0,5.0
i was looking for a tab collar dress shirt  i have always liked that style but lately i had been unable to find any i looked on amazon and lo and behold there they were reasonable price fast delivery and excellent quality i have absolutely no complaints and i intend to purchase several more in the near future,Positive,Positive,Positive,Positive,Positive,5,5,5,5,5,5.0,5.0,5.0,5.0
the color isnt as deep cranberry as in the photo a bit lighter not as nice i also found the robe a bit too bulky,Positive,Negative,Positive,Positive,Positive,5,5,1,5,3,3.5999999999999996,3.5999999999999996,2.3999999999999995,3.5999999999999996
my favorite hat  i originally purchased it to protect my face and neck from the sun when i golf or fish but now i wear it all the time  its vented top makes it cool to wear on the hottest days  i really like the ability to secure the hat on windy days with the chin lanyard otherwise it stows nicely on the back rim  they are durable wash nicely in the dishwasher and can be reshaped  this is my 3rd one in the last 10 years,Positive,Positive,Positive,Positive,Positive,5,5,5,5,5,5.0,5.0,5.0,5.0
my girlfriend was to say in the least very happy and excited to get the ring quite a few people were skeptical that i bought my ring from amazon but after a jewelers appraisal all skepticism was satisfied jeweler appraised about 40 higher than what i paid,Negative,Positive,Positive,Negative,Negative,1,1,5,5,5,3.8,3.8,5.0,5.0
size 12 month fits my 9 month old well with room to grow looks adorable on her,Positive,Positive,Positive,Positive,Positive,5,5,5,5,5,5.0,5.0,5.0,5.0
doesnt stay on very well,Positive,Positive,Positive,Positive,Positive,5,5,5,5,3,3.5999999999999996,3.5999999999999996,3.5999999999999996,3.5999999999999996
great for the price,Positive,Positive,Positive,Positive,Positive,5,5,5,5,5,5.0,5.0,5.0,5.0
i love the calvin kline white vneck tees the run bigger than i would like last year i got the extralarge and those were too big this year i got the large fit me a lot better and they last a long time ill be getting them again next year,Negative,Positive,Positive,Positive,Positive,5,5,5,5,5,5.0,5.0,5.0,5.0
my husband wears these under his work shirts and around the house as pajamas theyre soft comfortable and tag free very pleased,Positive,Positive,Positive,Positive,Positive,5,5,5,5,5,5.0,5.0,5.0,5.0
much bigger than any xl tshirt ive ever worn even after shrinking still fits like a larger xxl i gave 2 stars because its a soft  thick cotton,Positive,Positive,Negative,Positive,Positive,5,5,5,1,1,2.2,2.2,2.2,1.0
after reading some other reviews i was concerned so as soon as i received it i unwraped and tried it on  it fit very good the neck size was just right and the sleeve length was perfect  i was very pleasantly surprised and happy with the purchase so far,Positive,Positive,Positive,Positive,Positive,5,5,5,5,5,5.0,5.0,5.0,5.0
fit bigger than i thought but nothing a little sewing here and there couldnt fix would have bought a m if i knew the skirt alone has soooo much fabric a little more and id have a poodle skirt other than that looked pretty good got compliments throughout the night of course wristbands should be gold but nobody else seemed to care or notice that type of minutia ,Positive,Positive,Positive,Positive,Positive,5,5,5,5,5,5.0,5.0,5.0,5.0
i absolutely love love love,Negative,Positive,Positive,Positive,Negative,5,1,5,5,5,5.0,3.8,5.0,5.0
i use this for my daughter and there is enough brim to help keep out the sun and it fits well i dont worry about fastening the chin strap i just pull it on her head and it stays put more or less i love the color and stripes  not too girly but very cute ive gotten lots of compliments,Positive,Positive,Positive,Positive,Positive,5,5,5,5,5,5.0,5.0,5.0,5.0
i was looking for a flapper dress for halloween all others were 35 and up  got this in the mail like 2 days after i ordered it looks fantastic   the straps are a tiny bit big but fixable and a little tight around the hipsthighs i have big thighs pearhourglass body shape so i got a medium definitely get a size up i totally love it,Neutral,Positive,Positive,Neutral,Negative,3,1,5,5,5,4.4,3.8,5.0,5.0
a little baggy but it did its job in a pinch,Positive,Neutral,Negative,Positive,Positive,5,5,3,1,3,3.5999999999999996,3.5999999999999996,3.0,2.3999999999999995
this is a definite buy  i got these super fast  just two days after ordering them  they look exactly like the picture  i ordered a pair for my six year old and got them about a size too big  he wears an extra pair of socks with them and they fit great  great buy great look great product,Positive,Positive,Positive,Positive,Positive,5,5,5,5,5,5.0,5.0,5.0,5.0
met expectations,Positive,Neutral,Neutral,Positive,Positive,5,5,3,3,5,5.0,5.0,4.4,4.4
just received these rings and they are perfect in size and clarity way more than what i expected they look like they cost a small fortune will definitely buy from this company again,Positive,Positive,Positive,Positive,Positive,5,5,5,5,5,5.0,5.0,5.0,5.0
this item is exactly what i wanted  my husband is very pleased,Positive,Positive,Positive,Positive,Positive,5,5,5,5,5,5.0,5.0,5.0,5.0
i love it  it is the first one that i have found too fit the 120s cigerettes thanks so much for finding this case for me,Positive,Positive,Positive,Positive,Positive,5,5,5,5,5,5.0,5.0,5.0,5.0
my favorite black v necks out there,Positive,Positive,Positive,Positive,Positive,5,5,5,5,5,5.0,5.0,5.0,5.0
what i wanted,Positive,Neutral,Neutral,Positive,Positive,5,5,3,3,5,5.0,5.0,4.4,4.4
ill make it fit no biggie,Positive,Negative,Negative,Positive,Positive,5,5,1,1,5,5.0,5.0,3.8,3.8
it was great,Positive,Positive,Positive,Neutral,Positive,3,5,5,5,5,4.4,5.0,5.0,5.0
i would give this watch winder 8 stars but i have only had it a short time if it keeps working the way it hasit will be the best winder i own at any pricei own 3 winders at this time,Positive,Positive,Positive,Positive,Positive,5,5,5,5,5,5.0,5.0,5.0,5.0
nice dress fit me perfectly does feel like a real dress not a costume,Positive,Positive,Positive,Positive,Positive,5,5,5,5,5,5.0,5.0,5.0,5.0
this chain is very pretty could be worn with or without a charm fast delivery great price would highly recommend this chain,Positive,Positive,Positive,Positive,Positive,5,5,5,5,5,5.0,5.0,5.0,5.0
beautiful shirt very high quality cotton,Positive,Positive,Positive,Positive,Positive,5,5,5,5,5,5.0,5.0,5.0,5.0
dress was very nice for the money actually it didnt even look like a costume it looked like the real thing  well worth the money  i wear a size 10 but ordered a small and it fit  had a lot of compliments on it at our roaring 20s dance  will come back if i ever need another costume,Positive,Positive,Positive,Positive,Positive,5,5,5,5,5,5.0,5.0,5.0,5.0
no stars fits way too small returned to vendor had to pay for shipping almost as much as i payed for shirt,Positive,Negative,Negative,Positive,Positive,5,5,1,1,1,2.2,2.2,1.0,1.0
the outfit quality is nice  we ordered a large and will be returning for a medium  my wife is 51 and wears a 34ddd top  the large was too baggy around the waist and top  i will update after we receive the medium,Positive,Positive,Positive,Positive,Positive,5,5,5,5,5,5.0,5.0,5.0,5.0
these were really cute  i used them for a greenwhite candy cane christmas costume  they were adorable  the adult ones fit a size 12 girl quite well,Neutral,Positive,Positive,Positive,Positive,5,5,5,5,5,5.0,5.0,5.0,5.0
"i know other reviewers said that this runs small and to get a size bigger
i got it just in case it looked good and more the part for the great gatsby themed party i went to than my own velveteen long black dress glad i had my own dress to wear  this dress was so tight even my slim teenage daughter had a hard time fitting into it and that was the extralarge size
i bought it thinking that if it was a little too small it would be fine for the childrens dressing up box so will wait till my youngest hits  about age 9 and then she should fit into it no joke
however the gatsby rhinestone  feather fascinator cocktail headband was a great hit for the party i also ordered that through amazon",Positive,Positive,Positive,Neutral,Neutral,3,3,5,5,1,1.6,1.6,2.2,2.2
i so love it i though it was to much to show my skin but i love it,Positive,Positive,Positive,Positive,Positive,5,5,5,5,5,5.0,5.0,5.0,5.0
this bag has ample storage space and pockets it is constructed out of very high quality materials and has definitely served its purpose,Positive,Positive,Positive,Positive,Positive,5,5,5,5,5,5.0,5.0,5.0,5.0
love them,Neutral,Positive,Positive,Positive,Positive,5,5,5,5,5,5.0,5.0,5.0,5.0
