Metric,VADER,TextBlob
Accuracy,0.816,0.812
Precision,0.504953977794851,0.4709034792368125
Recall,0.5022236010738821,0.49711373904015704
F1-Score,0.5018704507073349,0.48113715161740567
